franchise_id,season_year,home_games,home_wins,home_attendance_total,avg_home_attendance,away_games,away_wins,away_attendance_total,avg_away_attendance,total_games,total_wins,Pct,total_attendance,attendance_avg,Team_Revenue,Ticket_Price,Operating_Income,LAFR,LAFA
1,2011,41,24,641596,15648.682926829268,41,20,695258,16957.51219512195,82,44.0,0.5365853658536586,1336854,16303.09756097561,109.0,26.3,-15.0,0.027525252525252526,0.029282835340987873
1,2012,33,23,501593,15199.787878787878,33,17,555071,16820.333333333332,66,40.0,0.6060606060606061,1056664,16010.060606060606,99.0,20.1,-19.0,0.02696078431372549,0.028500138269645866
1,2013,41,25,620146,15125.512195121952,41,19,703804,17165.951219512193,82,44.0,0.5365853658536586,1323950,16145.731707317073,119.0,23.6,-4.0,0.026119402985074626,0.028335890045345483
1,2014,41,24,587927,14339.682926829268,41,14,708251,17274.414634146342,82,38.0,0.4634146341463415,1296178,15807.048780487805,133.0,22.9,15.0,0.027777777777777776,0.026622982045504777
1,2015,41,35,713909,17412.414634146342,41,25,720873,17582.268292682926,82,60.0,0.7317073170731707,1434782,17497.341463414636,142.0,27.8,7.0,0.027413127413127413,0.03157449667308778
1,2016,41,27,690150,16832.926829268294,41,21,722066,17611.365853658535,82,48.0,0.5853658536585366,1412216,17222.146341463416,169.0,28.3,20.0,0.028810092055915445,0.030455840729919907
1,2017,41,23,654306,15958.682926829268,41,20,730479,17816.560975609755,82,43.0,0.524390243902439,1384785,16887.621951219513,209.0,27.5,22.0,0.028365906623235612,0.02890050679884482
1,2018,41,16,590769,14409.0,41,8,729839,17800.951219512193,82,24.0,0.2926829268292683,1320608,16104.975609756097,215.0,29.5,42.0,0.026851504933183463,0.025912649699131245
1,2019,41,17,628440,15327.80487804878,41,12,729237,17786.268292682926,82,29.0,0.35365853658536583,1357677,16557.036585365855,251.0,45.3,78.0,0.02865623929672337,0.02778171960727884
1,2020,34,14,545453,16042.735294117647,33,6,586966,17786.848484848484,67,20.0,0.29850746268656714,1132419,16901.776119402984,222.0,32.7,36.0,0.028044466902475997,0.030672734936843023
1,2021,36,25,59288,2195.8518518518517,36,16,37074,2851.846153846154,72,41.0,0.5694444444444444,96362,1338.361111111111,199.0,1.55,37.0,0.031064626912269747,0.03956254850395939
2,2011,41,33,763584,18624.0,41,23,777555,18964.756097560974,82,56.0,0.6829268292682927,1541139,18794.378048780487,146.0,52.7,8.0,0.03686868686868687,0.03485044255421306
2,2012,33,24,614592,18624.0,33,15,603533,18288.878787878788,66,39.0,0.5909090909090909,1218125,18456.439393939392,143.0,42.4,19.0,0.03894335511982571,0.03492065674644222
2,2013,40,27,744960,18624.0,41,14,728521,17768.80487804878,81,41.0,0.5061728395061729,1473481,18191.123456790123,169.0,54.4,47.0,0.03709394205443371,0.03403892736255748
2,2014,41,16,742400,18107.317073170732,41,9,717276,17494.536585365855,82,25.0,0.3048780487804878,1459676,17800.926829268294,173.0,54.2,55.0,0.036131996658312446,0.03361795234881668
2,2015,41,21,721350,17593.90243902439,41,19,727404,17741.560975609755,82,40.0,0.4878048780487805,1448754,17667.731707317074,181.0,51.2,57.0,0.03494208494208494,0.031903594400871635
2,2016,41,28,749076,18270.146341463416,41,20,715023,17439.585365853658,82,48.0,0.5853658536585366,1464099,17854.865853658535,200.0,49.4,65.0,0.03409478349812479,0.03305620423184161
2,2017,41,30,760690,18553.414634146342,41,23,750843,18313.243902439026,82,53.0,0.6463414634146342,1511533,18433.329268292684,257.0,64.7,85.0,0.03488056460369164,0.03359945731326515
2,2018,41,27,763584,18624.0,41,28,761262,18567.365853658535,82,55.0,0.6707317073170732,1524846,18595.682926829268,287.0,63.3,100.0,0.035843636817784436,0.033492760635479235
2,2019,41,28,763584,18624.0,41,21,765533,18671.536585365855,82,49.0,0.5975609756097561,1529117,18647.768292682926,304.0,72.5,88.0,0.03470715835140998,0.03375608902139331
2,2020,36,26,610864,19089.5,36,22,589088,18409.0,72,48.0,0.6666666666666666,1199952,16666.0,274.0,64.1,86.0,0.03461344113188479,0.03435102484441313
2,2021,36,21,30067,2505.5833333333335,36,15,57455,2872.75,72,36.0,0.5,87522,1215.5833333333333,211.0,0.72,46.0,0.03293787074617546,0.020063539769743406
3,2011,41,21,649694,15846.19512195122,41,13,675411,16473.439024390245,82,34.0,0.4146341463414634,1325105,16159.817073170732,,,,,0.029652433032668183
3,2012,33,4,486984,14757.09090909091,33,3,545638,16534.484848484848,66,7.0,0.10606060606060606,1032622,15645.787878787878,,,,,0.027670065840442796
3,2013,41,15,628293,15324.219512195123,41,6,677889,16533.878048780487,82,21.0,0.25609756097560976,1306182,15929.048780487805,,,,,0.028708145121084792
3,2014,41,25,636268,15518.731707317073,41,18,698106,17026.975609756097,82,43.0,0.524390243902439,1334374,16272.853658536585,,,,,0.028811997986364354
3,2015,41,19,704886,17192.341463414636,41,14,723833,17654.463414634145,82,33.0,0.4024390243902439,1428719,17423.40243902439,,,,,0.031175430848898324
3,2016,41,30,716894,17485.219512195123,41,18,729157,17784.317073170732,82,48.0,0.5853658536585366,1446051,17634.768292682926,,,,,0.03163603489710237
3,2017,41,22,710643,17332.756097560974,41,14,720119,17563.878048780487,82,36.0,0.43902439024390244,1430762,17448.317073170732,,,,,0.03138889579654088
3,2018,41,21,671404,16375.707317073171,41,15,722558,17623.365853658535,82,36.0,0.43902439024390244,1393962,16999.536585365855,,,,,0.029449508451857686
3,2019,41,25,676570,16501.70731707317,41,14,723570,17648.048780487807,82,39.0,0.47560975609756095,1400140,17074.878048780487,,,,,0.029909423389180585
3,2020,31,10,478591,15438.41935483871,34,13,597193,17564.5,65,23.0,0.35384615384615387,1075784,16550.523076923077,,,,,0.026912850211033103
3,2021,36,18,68255,3791.9444444444443,36,15,37821,2521.4,72,33.0,0.4583333333333333,106076,1473.2777777777778,,,,,0.045546177103929095
4,2011,41,28,603088,14709.463414634147,41,18,704368,17179.70731707317,82,46.0,0.5609756097560976,1307456,15944.585365853658,101.0,19.5,-26.0,0.025505050505050506,0.027525306579413985
4,2011,41,28,603088,14709.463414634147,41,18,704368,17179.70731707317,82,46.0,0.5609756097560976,1307456,15944.585365853658,109.0,20.5,-3.0,0.027525252525252526,0.027525306579413985
4,2012,33,11,498618,15109.636363636364,33,10,551676,16717.454545454544,66,21.0,0.3181818181818182,1050294,15913.545454545454,93.0,14.1,-13.0,0.025326797385620915,0.028331100999683573
4,2012,33,11,498618,15109.636363636364,33,10,551676,16717.454545454544,66,21.0,0.3181818181818182,1050294,15913.545454545454,100.0,17.0,3.0,0.027233115468409588,0.028331100999683573
4,2013,41,16,565930,13803.170731707318,41,11,707426,17254.29268292683,82,27.0,0.32926829268292684,1273356,15528.731707317073,115.0,18.2,7.0,0.0252414398595259,0.025858636923179978
4,2013,41,16,565930,13803.170731707318,41,11,707426,17254.29268292683,82,27.0,0.32926829268292684,1273356,15528.731707317073,116.0,18.7,11.0,0.025460930640913083,0.025858636923179978
4,2014,41,22,672029,16390.951219512193,41,12,713288,17397.268292682926,82,34.0,0.4146341463414634,1385317,16894.10975609756,130.0,18.5,1.0,0.027151211361737676,0.030431356275623555
4,2014,41,22,672029,16390.951219512193,41,12,713288,17397.268292682926,82,34.0,0.4146341463414634,1385317,16894.10975609756,131.0,20.2,19.0,0.027360066833751043,0.030431356275623555
4,2015,41,28,683757,16677.0,41,17,723265,17640.60975609756,82,45.0,0.5487804878048781,1407022,17158.80487804878,142.0,21.9,4.0,0.027413127413127413,0.030240945445008372
4,2015,41,28,683757,16677.0,41,17,723265,17640.60975609756,82,45.0,0.5487804878048781,1407022,17158.80487804878,142.0,22.6,20.0,0.027413127413127413,0.030240945445008372
4,2016,41,21,688549,16793.878048780487,41,9,731893,17851.048780487807,82,30.0,0.36585365853658536,1420442,17322.463414634145,158.0,22.2,9.0,0.026934878963518583,0.030385189710563823
4,2016,41,21,688549,16793.878048780487,41,9,731893,17851.048780487807,82,30.0,0.36585365853658536,1420442,17322.463414634145,156.0,22.7,17.0,0.026593931128537335,0.030385189710563823
4,2017,41,21,663099,16173.146341463415,41,13,740577,18062.853658536584,82,34.0,0.4146341463414634,1403676,17118.0,202.0,23.5,21.0,0.027415852334419108,0.029288891065964856
4,2017,41,21,663099,16173.146341463415,41,13,740577,18062.853658536584,82,34.0,0.4146341463414634,1403676,17118.0,204.0,23.9,37.0,0.02768729641693811,0.029288891065964856
4,2018,41,24,673920,16437.073170731706,41,24,734378,17911.658536585364,82,48.0,0.5853658536585366,1408298,17174.365853658535,213.0,24.8,22.0,0.02660172349194455,0.029559866691106895
4,2018,41,24,673920,16437.073170731706,41,24,734378,17911.658536585364,82,48.0,0.5853658536585366,1408298,17174.365853658535,214.0,27.0,29.0,0.026726614212564007,0.029559866691106895
4,2019,41,19,656183,16004.463414634147,41,14,724356,17667.219512195123,82,33.0,0.4024390243902439,1380539,16835.841463414636,240.0,23.7,39.0,0.027400388172165772,0.02900816643921942
4,2019,41,19,656183,16004.463414634147,41,14,724356,17667.219512195123,82,33.0,0.4024390243902439,1380539,16835.841463414636,224.0,27.6,49.0,0.02557369562735472,0.02900816643921942
4,2020,36,15,528172,16505.375,36,15,562718,18152.1935483871,72,30.0,0.4166666666666667,1090890,15151.25,215.0,17.2,36.0,0.027160181910055585,0.029700963707344635
4,2020,36,15,528172,16505.375,36,15,562718,18152.1935483871,72,30.0,0.4166666666666667,1090890,15151.25,209.0,21.1,44.0,0.0264022233451238,0.029700963707344635
4,2021,36,18,89370,2882.9032258064517,36,13,51001,3000.0588235294117,72,31.0,0.4305555555555556,140371,1949.5972222222222,183.0,0.5,34.0,0.02856696846706213,0.059636097689226335
4,2021,36,18,89370,2882.9032258064517,36,13,51001,3000.0588235294117,72,31.0,0.4305555555555556,140371,1949.5972222222222,181.0,2.39,24.0,0.028254761161411176,0.059636097689226335
5,2011,41,36,893462,21791.756097560974,41,26,755676,18431.121951219513,82,62.0,0.7560975609756098,1649138,20111.439024390245,185.0,59.0,59.0,0.04671717171717172,0.04077815421141919
5,2012,33,26,731326,22161.39393939394,33,24,593639,17989.060606060608,66,50.0,0.7575757575757576,1324965,20075.227272727272,162.0,49.7,34.0,0.04411764705882353,0.04155339512351056
5,2013,41,24,896944,21876.682926829268,41,21,743927,18144.560975609755,82,45.0,0.5487804878048781,1640871,20010.621951219513,195.0,64.6,52.0,0.04280070237050044,0.04098342416274935
5,2014,41,27,890370,21716.341463414636,41,21,719618,17551.658536585364,82,48.0,0.5853658536585366,1609988,19634.0,201.0,69.5,65.0,0.041979949874686714,0.04031844858946109
5,2015,41,27,896525,21866.463414634145,41,23,754592,18404.682926829268,82,50.0,0.6097560975609756,1651117,20135.573170731706,228.0,71.8,68.0,0.044015444015444015,0.039651167907730565
5,2016,41,26,894659,21820.951219512193,41,16,744400,18156.09756097561,82,42.0,0.5121951219512195,1639059,19988.524390243903,232.0,73.4,46.0,0.03954994885782475,0.039480681028166945
5,2017,41,25,888882,21680.048780487807,41,16,739359,18033.146341463416,82,41.0,0.5,1628241,19856.59756097561,281.0,72.9,95.0,0.038137893593919656,0.039261660880949865
5,2018,41,17,851824,20776.19512195122,41,10,739664,18040.585365853658,82,27.0,0.32926829268292684,1591488,19408.39024390244,287.0,69.9,114.0,0.035843636817784436,0.037363194272740735
5,2019,41,9,823475,20084.756097560974,41,13,730710,17822.19512195122,82,22.0,0.2682926829268293,1554185,18953.475609756097,301.0,70.0,103.0,0.03436465349925791,0.03640371643053266
5,2020,34,14,639352,18804.470588235294,31,8,550804,17767.870967741936,65,22.0,0.3384615384615385,1190156,18310.092307692306,300.0,63.9,115.0,0.037897928246589184,0.0359530049836383
5,2021,36,15,13655,3413.75,36,16,42181,2636.3125,72,31.0,0.4305555555555556,55836,775.5,213.0,0.0,39.0,0.033250078051826414,0.009111904598258763
6,2011,41,12,824595,20112.073170731706,41,7,664203,16200.073170731708,82,19.0,0.23170731707317074,1488798,18156.073170731706,149.0,42.9,33.0,0.037626262626262626,0.03763502205126262
6,2012,33,11,525577,15926.575757575758,33,10,551860,16723.030303030304,66,21.0,0.3181818181818182,1077437,16324.80303030303,128.0,25.8,19.0,0.034858387799564274,0.02986289117141919
6,2013,41,14,663882,16192.243902439024,41,10,688014,16780.829268292684,82,24.0,0.2926829268292683,1351896,16486.536585365855,145.0,31.2,11.0,0.03182616330114135,0.030334287982320376
6,2014,41,19,710522,17329.80487804878,41,14,712910,17388.048780487807,82,33.0,0.4024390243902439,1423432,17358.926829268294,149.0,30.6,21.0,0.031119465329991644,0.032174427180476736
6,2015,41,31,843042,20562.0,41,22,775537,18915.536585365855,82,53.0,0.6463414634146342,1618579,19738.768292682926,191.0,37.9,25.0,0.03687258687258687,0.037285742054342035
6,2016,41,33,843042,20562.0,41,24,775317,18910.170731707316,82,57.0,0.6951219512195121,1618359,19736.085365853658,233.0,40.5,-40.0,0.03972042277531538,0.037202858625854
6,2017,41,31,822480,20562.0,41,20,779880,19021.463414634145,82,51.0,0.6219512195121951,1602360,19540.975609756097,280.0,48.1,-6.0,0.038002171552660155,0.03632870374398812
6,2018,41,29,843042,20562.0,41,21,781477,19060.414634146342,82,50.0,0.6097560975609756,1624519,19811.20731707317,302.0,50.6,-13.0,0.03771699762707631,0.03697799313717376
6,2019,41,13,793337,19349.682926829268,41,6,722921,17632.219512195123,82,19.0,0.23170731707317074,1516258,18490.951219512193,300.0,67.4,39.0,0.03425048521520722,0.03507139279498405
6,2020,36,11,643008,17861.333333333332,29,8,529374,18254.275862068964,65,19.0,0.2923076923076923,1172382,18036.646153846155,269.0,46.8,46.0,0.033981808994441635,0.03615859468417913
6,2021,36,13,81156,3381.5,36,9,41431,2959.3571428571427,72,22.0,0.3055555555555556,122587,1702.5972222222222,211.0,3.81,11.0,0.03293787074617546,0.054154941748538125
7,2011,41,29,824162,20101.51219512195,41,28,686552,16745.170731707316,82,57.0,0.6951219512195121,1510714,18423.341463414636,166.0,42.9,-4.0,0.04191919191919192,0.03761525966542691
7,2012,33,23,671050,20334.848484848484,33,13,584524,17712.848484848484,66,36.0,0.5454545454545454,1255574,19023.848484848484,137.0,32.9,13.0,0.037309368191721135,0.03812855798594848
7,2013,41,24,821490,20036.341463414636,41,17,722151,17613.439024390245,82,41.0,0.5,1543641,18824.89024390244,162.0,42.7,38.0,0.03555750658472344,0.03753575821395423
7,2014,41,26,817982,19950.780487804877,41,23,708018,17268.731707317074,82,49.0,0.5975609756097561,1526000,18609.756097560974,168.0,42.5,30.0,0.03508771929824561,0.037040517104242686
7,2015,41,27,827702,20187.853658536584,41,23,723792,17653.463414634145,82,50.0,0.6097560975609756,1551494,18920.658536585364,177.0,43.0,24.0,0.03416988416988417,0.03660729034836107
7,2016,41,23,825901,20143.926829268294,41,19,726812,17727.121951219513,82,42.0,0.5121951219512195,1552713,18935.524390243903,194.0,43.0,43.0,0.033071939993181046,0.0364464381868892
7,2017,41,21,811366,19789.414634146342,41,12,718291,17519.29268292683,82,33.0,0.4024390243902439,1529657,18654.353658536584,233.0,42.2,21.0,0.03162323561346363,0.035837801578086595
7,2018,41,15,811453,19791.536585365855,41,9,712566,17379.658536585364,82,24.0,0.2926829268292683,1524019,18585.59756097561,287.0,43.0,99.0,0.035843636817784436,0.03559241824860334
7,2019,41,24,820569,20013.878048780487,41,9,741033,18073.975609756097,82,33.0,0.4024390243902439,1561602,19043.926829268294,307.0,57.4,105.0,0.03504966320356205,0.036275249628326005
7,2020,38,20,682096,20061.647058823528,37,23,602239,18249.666666666668,75,43.0,0.5733333333333334,1284335,17124.466666666667,295.0,55.3,84.0,0.03726629610914604,0.038356649994556596
7,2021,36,21,94849,3648.0384615384614,36,21,33993,2428.0714285714284,72,42.0,0.5833333333333334,128842,1789.4722222222222,231.0,2.82,55.0,0.036059943802684985,0.06329220353278985
8,2011,41,33,696568,16989.463414634145,41,17,708687,17285.048780487807,82,50.0,0.6097560975609756,1405255,17137.256097560974,113.0,32.6,-1.0,0.028535353535353535,0.031791791170458106
8,2012,33,20,561966,17029.272727272728,33,18,568546,17228.666666666668,66,38.0,0.5757575757575758,1130512,17128.969696969696,110.0,26.4,12.0,0.029956427015250545,0.03193048687449747
8,2013,41,38,730616,17819.90243902439,41,19,711476,17353.073170731706,82,57.0,0.6951219512195121,1442092,17586.48780487805,124.0,37.3,8.0,0.027216856892010536,0.03338351717397216
8,2014,41,22,692898,16899.951219512193,41,14,705675,17211.585365853658,82,36.0,0.43902439024390244,1398573,17055.768292682926,136.0,34.6,14.0,0.028404344193817876,0.03137636307460989
8,2015,41,19,602707,14700.170731707318,41,11,714593,17429.09756097561,82,30.0,0.36585365853658536,1317300,16064.634146341463,140.0,30.1,26.0,0.02702702702702703,0.02665629676379863
8,2016,41,18,577898,14095.073170731708,41,15,727810,17751.463414634145,82,33.0,0.4024390243902439,1305708,15923.268292682927,157.0,28.3,21.0,0.026764405046027957,0.025502237841250823
8,2017,41,22,605585,14770.365853658537,41,18,714236,17420.39024390244,82,40.0,0.4878048780487805,1319821,16095.378048780487,202.0,29.7,49.0,0.027415852334419108,0.026748514318649746
8,2018,41,31,702796,17141.365853658535,41,15,732712,17871.024390243903,82,46.0,0.5609756097560976,1435508,17506.19512195122,222.0,36.6,47.0,0.02772573997751967,0.030826442413110104
8,2019,41,34,756457,18450.170731707316,41,20,716467,17474.80487804878,82,54.0,0.6585365853658537,1472924,17962.48780487805,252.0,41.6,52.0,0.028770407580774062,0.033441022641721295
8,2020,37,26,633153,19186.454545454544,36,20,549221,17163.15625,73,46.0,0.6301369863013698,1182374,16196.90410958904,218.0,36.7,27.0,0.027539161192521474,0.035604413475527626
8,2021,36,25,54563,3897.3571428571427,36,22,42184,2636.5,72,47.0,0.6527777777777778,96747,1343.7083333333333,185.0,0.64,15.0,0.02887917577271308,0.03640958261404561
9,2011,41,21,683080,16660.48780487805,41,9,686024,16732.29268292683,82,30.0,0.36585365853658536,1369104,16696.39024390244,141.0,28.0,10.0,0.035606060606060606,0.031176190569645067
9,2012,33,18,475638,14413.272727272728,33,7,539318,16342.969696969696,66,25.0,0.3787878787878788,1014956,15378.121212121212,125.0,19.5,8.0,0.03404139433551198,0.027025394625319374
9,2013,41,18,606094,14782.780487804877,41,11,692318,16885.80487804878,82,29.0,0.35365853658536583,1298412,15834.292682926829,139.0,24.2,10.0,0.030509218612818263,0.02769382200504982
9,2014,41,17,616005,15024.512195121952,41,12,708505,17280.60975609756,82,29.0,0.35365853658536583,1324510,16152.560975609756,144.0,24.6,18.0,0.03007518796992481,0.027894432565507575
9,2015,41,18,625917,15266.268292682927,41,14,732519,17866.317073170732,82,32.0,0.3902439024390244,1358436,16566.29268292683,154.0,24.4,16.0,0.02972972972972973,0.027682819846968007
9,2016,41,26,677138,16515.560975609755,41,18,730383,17814.219512195123,82,44.0,0.5365853658536586,1407521,17164.89024390244,172.0,21.7,22.0,0.029321513808387316,0.029881630196589883
9,2017,41,24,655141,15979.048780487805,41,13,725680,17699.51219512195,82,37.0,0.45121951219512196,1380821,16839.280487804877,221.0,45.2,22.0,0.02999457111834962,0.028937388507368104
9,2018,41,25,713945,17413.29268292683,41,14,736330,17959.268292682926,82,39.0,0.47560975609756095,1450275,17686.280487804877,235.0,35.7,52.0,0.029349319345572625,0.031315466264218765
9,2019,41,26,675963,16486.90243902439,41,15,730583,17819.09756097561,82,41.0,0.5,1406546,17153.0,255.0,35.8,52.0,0.029112912432926134,0.029882589476950907
9,2020,33,11,509469,15438.454545454546,33,9,582158,17641.151515151516,66,20.0,0.30303030303030304,1091627,16539.803030303032,227.0,28.0,45.0,0.02867609903991915,0.028649228431301098
9,2021,36,13,14250,750.0,36,7,44198,3157.0,72,20.0,0.2777777777777778,58448,811.7777777777778,192.0,0.29,43.0,0.029971901342491416,0.009508944747359015
10,2011,41,26,766398,18692.634146341465,41,10,699038,17049.70731707317,82,36.0,0.43902439024390244,1465436,17871.170731707316,139.0,26.1,22.0,0.0351010101010101,0.0349788752418382
10,2012,33,12,622311,18857.909090909092,33,11,540044,16364.969696969696,66,23.0,0.3484848484848485,1162355,17611.439393939392,127.0,21.2,29.0,0.034586056644880174,0.03535924454033766
10,2013,41,28,794320,19373.658536585364,41,19,705369,17204.121951219513,82,47.0,0.573170731707317,1499689,18288.89024390244,160.0,28.6,43.0,0.03511852502194908,0.03629429873097436
10,2014,41,27,803436,19596.0,41,24,718576,17526.243902439026,82,51.0,0.6219512195121951,1522012,18561.121951219513,168.0,35.4,45.0,0.03508771929824561,0.03638183346352894
10,2015,41,39,803436,19596.0,41,28,750793,18312.024390243903,82,67.0,0.8170731707317073,1554229,18954.01219512195,201.0,41.8,58.0,0.0388030888030888,0.03553406289742664
10,2016,41,39,803436,19596.0,41,34,784499,19134.121951219513,82,73.0,0.8902439024390244,1587935,19365.060975609755,305.0,64.3,74.0,0.0519945448346403,0.03545507332128368
10,2017,41,36,803436,19596.0,41,31,779621,19015.146341463416,82,67.0,0.8170731707317073,1583057,19305.573170731706,359.0,77.9,120.0,0.048724212812160696,0.035487535771392416
10,2018,41,29,803436,19596.0,41,29,775248,18908.48780487805,82,58.0,0.7073170731707317,1578684,19252.243902439026,401.0,92.4,103.0,0.05008117896840265,0.035240771983078345
10,2019,41,30,803436,19596.0,41,27,770397,18790.170731707316,82,57.0,0.6951219512195121,1573833,19193.085365853658,440.0,100.4,109.0,0.05023404498230392,0.03551784366748406
10,2020,34,8,614176,18064.0,31,7,541077,17454.09677419355,65,15.0,0.23076923076923078,1155253,17773.123076923075,474.0,92.1,200.0,0.05987872662961091,0.034537270218644875
10,2021,36,25,33457,3717.4444444444443,36,14,46911,3127.4,72,39.0,0.5416666666666666,80368,1116.2222222222222,258.0,0.0,-44.0,0.04027474242897284,0.0223256676780625
11,2011,41,25,663839,16191.19512195122,41,18,695731,16969.048780487807,82,43.0,0.524390243902439,1359570,16580.121951219513,150.0,33.2,18.0,0.03787878787878788,0.030298019516839334
11,2012,33,22,506994,15363.454545454546,33,12,585198,17733.272727272728,66,34.0,0.5151515151515151,1092192,16548.363636363636,135.0,24.8,27.0,0.03676470588235294,0.02880701904109674
11,2013,41,29,683564,16672.29268292683,41,16,737281,17982.463414634145,82,45.0,0.5487804878048781,1420845,17327.378048780487,191.0,31.4,64.0,0.04192273924495171,0.031233603607790004
11,2014,41,33,743082,18123.951219512193,41,21,714540,17427.80487804878,82,54.0,0.6585365853658537,1457622,17775.878048780487,175.0,42.4,38.0,0.03654970760233918,0.033648835219912986
11,2015,41,30,747412,18229.560975609755,41,26,736761,17969.780487804877,82,56.0,0.6829268292682927,1484173,18099.670731707316,237.0,49.3,75.0,0.045752895752895754,0.033056254659103446
11,2016,41,23,737244,17981.560975609755,41,18,727368,17740.682926829268,82,41.0,0.5,1464612,17861.121951219513,244.0,49.4,63.0,0.04159563586771224,0.03253406627992331
11,2017,41,30,695903,16973.243902439026,41,25,743761,18140.51219512195,82,55.0,0.6707317073170732,1439664,17556.878048780487,296.0,47.3,95.0,0.04017372421281216,0.03073783425925562
11,2018,41,34,732722,17871.268292682926,41,31,753134,18369.121951219513,82,65.0,0.7926829268292683,1485856,18120.19512195122,326.0,51.6,103.0,0.0407143749219433,0.03213907383909251
11,2019,41,31,740392,18058.341463414636,41,22,734766,17921.121951219513,82,53.0,0.6463414634146342,1475158,17989.731707317074,348.0,66.6,110.0,0.03973056284964037,0.03273083022002482
11,2020,36,24,578458,18076.8125,36,20,578314,18072.3125,72,44.0,0.6111111111111112,1156772,16066.277777777777,308.0,56.7,94.0,0.03890853966649823,0.032528721825888465
11,2021,36,9,95018,3276.4827586206898,36,8,45950,3282.1428571428573,72,17.0,0.2361111111111111,140968,1957.888888888889,223.0,7.78,33.0,0.034811114580081175,0.06340497628102168
12,2011,41,24,555077,13538.463414634147,41,13,690605,16844.024390243903,82,37.0,0.45121951219512196,1245682,15191.243902439024,101.0,17.2,-11.0,0.025505050505050506,0.025334055063575094
12,2012,33,23,467561,14168.515151515152,33,19,547701,16597.0,66,42.0,0.6363636363636364,1015262,15382.757575757576,98.0,14.5,11.0,0.026688453159041396,0.02656646553977805
12,2013,41,30,626069,15269.975609756097,40,19,682456,17061.4,81,49.0,0.6049382716049383,1308525,16154.62962962963,121.0,20.0,12.0,0.02655838454784899,0.028606525471097776
12,2014,41,35,717542,17501.024390243903,41,21,732759,17872.170731707316,82,56.0,0.6829268292682927,1450301,17686.59756097561,139.0,23.0,25.0,0.029030910609857977,0.03249231245187853
12,2015,41,23,691434,16864.243902439026,41,15,733593,17892.51219512195,82,38.0,0.4634146341463415,1425027,17378.378048780487,138.0,22.8,19.0,0.02664092664092664,0.030580480891345782
12,2016,41,26,690733,16847.146341463416,41,19,731930,17851.951219512193,82,45.0,0.5487804878048781,1422663,17349.548780487807,157.0,26.9,24.0,0.026764405046027957,0.030481568115481805
12,2017,41,29,684578,16697.024390243903,41,13,731786,17848.439024390245,82,42.0,0.5121951219512195,1416364,17272.731707317074,205.0,27.4,29.0,0.02782301845819761,0.030237612284373962
12,2018,41,27,658119,16051.682926829268,41,21,721324,17593.268292682926,82,48.0,0.5853658536585366,1379443,16822.475609756097,222.0,26.3,50.0,0.02772573997751967,0.028866794140082766
12,2019,41,29,689310,16812.439024390245,41,19,732774,17872.536585365855,82,48.0,0.5853658536585366,1422084,17342.48780487805,243.0,34.5,55.0,0.027742893024317844,0.030472626093968204
12,2020,36,25,529002,16531.3125,37,20,572962,17362.484848484848,73,45.0,0.6164383561643836,1101964,15095.397260273972,217.0,30.2,39.0,0.027412834765032843,0.029747637517915995
12,2021,36,13,0,0.0,36,21,44705,3193.214285714286,72,34.0,0.4722222222222222,44705,620.9027777777778,179.0,0.0,4.0,0.027942553855760225,0.0
13,2011,41,23,727462,17742.975609756097,41,9,722179,17614.121951219513,82,32.0,0.3902439024390244,1449641,17678.548780487807,108.0,36.4,9.0,0.02727272727272727,0.0332018122974983
13,2012,33,24,634237,19219.303030303032,33,16,605309,18342.696969696968,66,40.0,0.6060606060606061,1239546,18781.0,108.0,32.4,9.0,0.029411764705882353,0.03603687092069743
13,2013,41,32,788293,19226.658536585364,41,24,730073,17806.658536585364,82,56.0,0.6829268292682927,1518366,18516.658536585364,128.0,49.7,15.0,0.028094820017559263,0.03601891130720109
13,2014,41,34,787692,19212.0,41,23,705964,17218.634146341465,82,57.0,0.6951219512195121,1493656,18215.317073170732,146.0,55.1,20.0,0.030492898913951544,0.03566890102578679
13,2015,41,30,785892,19168.09756097561,41,26,741245,18079.146341463416,82,56.0,0.6829268292682927,1527137,18623.621951219513,176.0,64.4,21.0,0.03397683397683398,0.03475813351478452
13,2016,41,29,786910,19192.926829268294,41,24,729503,17792.756097560974,82,53.0,0.6463414634146342,1516413,18492.841463414636,185.0,65.3,-12.0,0.03153767473576543,0.03472579240568177
13,2017,41,29,782609,19088.024390243903,41,22,733478,17889.70731707317,82,51.0,0.6219512195121951,1516087,18488.865853658535,257.0,70.4,35.0,0.03488056460369164,0.03456761320442904
13,2018,41,22,697812,17019.80487804878,41,20,729030,17781.219512195123,82,42.0,0.5121951219512195,1426842,17400.51219512195,258.0,62.8,43.0,0.03222180591982016,0.030607831338222168
13,2019,41,26,710327,17325.048780487807,41,22,706573,17233.48780487805,82,48.0,0.5853658536585366,1416900,17279.268292682926,282.0,63.9,70.0,0.03219545610229478,0.03140173372713315
13,2020,36,27,610176,19068.0,36,22,571360,17855.0,72,49.0,0.6805555555555556,1181536,16410.222222222223,262.0,55.5,57.0,0.03309752400202122,0.03431233619179495
13,2021,36,26,13901,2316.8333333333335,36,21,56710,3150.5555555555557,72,47.0,0.6527777777777778,70611,980.7083333333334,219.0,0.0,18.0,0.034186699968779266,0.00927605901284475
14,2011,41,30,778877,18997.0,41,27,782589,19087.536585365855,82,57.0,0.6951219512195121,1561466,19042.268292682926,208.0,89.6,24.0,0.052525252525252523,0.03554842446318651
14,2012,33,26,626901,18997.0,33,15,628128,19034.18181818182,66,41.0,0.6212121212121212,1255029,19015.590909090908,197.0,75.2,48.0,0.053649237472766884,0.035620044899708055
14,2013,41,29,778877,18997.0,41,16,773532,18866.634146341465,82,45.0,0.5487804878048781,1552409,18931.817073170732,295.0,97.4,66.0,0.06474978050921862,0.03558867271714815
14,2014,41,14,771974,18828.634146341465,41,13,731678,17845.80487804878,82,27.0,0.32926829268292684,1503652,18337.219512195123,293.0,98.8,104.0,0.061194653299916454,0.034957145940901685
14,2015,41,12,768244,18737.658536585364,41,9,732881,17875.146341463416,82,21.0,0.25609756097560976,1501125,18306.40243902439,304.0,98.3,133.0,0.05868725868725869,0.03397760445955948
14,2016,41,12,778877,18997.0,41,5,785143,19149.829268292684,82,17.0,0.2073170731707317,1564020,19073.414634146342,333.0,100.5,119.0,0.05676781452437777,0.03437130168832548
14,2017,41,17,776917,18949.19512195122,41,9,745860,18191.70731707317,82,26.0,0.3170731707317073,1522777,18570.451219512193,371.0,101.0,136.0,0.0503528773072747,0.03431619921051942
14,2018,41,20,776328,18934.829268292684,41,15,766568,18696.780487804877,82,35.0,0.4268292682926829,1542896,18815.80487804878,395.0,104.8,147.0,0.0493318346446859,0.03405174529406106
14,2019,41,22,778877,18997.0,41,15,773355,18862.317073170732,82,37.0,0.45121951219512196,1552232,18929.658536585364,434.0,116.8,178.0,0.049549035277999774,0.03443215330430673
14,2020,35,25,588907,18997.0,36,27,604072,18877.25,71,52.0,0.7323943661971831,1192979,16802.521126760563,400.0,88.3,155.0,0.050530570995452245,0.033116305737527184
14,2021,36,21,23313,2590.3333333333335,36,21,44723,3194.5,72,42.0,0.5833333333333334,68036,944.9444444444445,316.0,0.0,63.0,0.049328754292850455,0.01555663360667935
15,2011,41,30,600687,14650.90243902439,41,16,674096,16441.365853658535,82,46.0,0.5609756097560976,1274783,15546.134146341463,99.0,15.0,-25.0,0.025,0.027415723465345765
15,2012,33,26,518446,15710.484848484848,33,15,563271,17068.81818181818,66,41.0,0.6212121212121212,1081717,16389.651515151516,96.0,13.0,-13.0,0.026143790849673203,0.029457713096763354
15,2013,41,32,681613,16624.70731707317,41,24,704988,17194.829268292684,82,56.0,0.6829268292682927,1386601,16909.768292682926,126.0,19.8,11.0,0.0276558384547849,0.03114445795260805
15,2014,41,27,685458,16718.48780487805,41,23,708043,17269.341463414636,82,50.0,0.6097560975609756,1393501,16993.914634146342,135.0,20.6,11.0,0.02819548872180451,0.03103945902628662
15,2015,41,31,710502,17329.317073170732,41,24,738717,18017.48780487805,82,55.0,0.6707317073170732,1449219,17673.40243902439,147.0,22.0,10.0,0.02837837837837838,0.0314238131683761
15,2016,41,26,701894,17119.365853658535,41,16,721186,17589.90243902439,82,42.0,0.5121951219512195,1423080,17354.634146341465,155.0,21.2,0.0,0.02642345721104671,0.030974095302885467
15,2017,41,24,677314,16519.853658536584,41,19,723881,17655.634146341465,82,43.0,0.524390243902439,1401195,17087.743902439026,206.0,22.4,15.0,0.02795874049945711,0.0299167635050768
15,2018,41,16,653863,15947.878048780487,41,6,711289,17348.51219512195,82,22.0,0.2682926829268293,1365152,16648.19512195122,213.0,22.9,27.0,0.02660172349194455,0.028680115019953743
15,2019,41,21,638332,15569.073170731708,41,12,720763,17579.585365853658,82,33.0,0.4024390243902439,1359095,16574.329268292684,224.0,21.3,24.0,0.02557369562735472,0.0282190195410119
15,2020,37,20,523297,15857.484848484848,36,14,561277,17539.90625,73,34.0,0.4657534246575342,1084574,14857.17808219178,210.0,17.8,22.0,0.02652854977261243,0.02942682536212129
15,2021,36,18,61039,2347.653846153846,36,20,56618,3145.4444444444443,72,38.0,0.5277777777777778,117657,1634.125,186.0,1.19,12.0,0.029035279425538556,0.040730980942740136
16,2011,41,30,810930,19778.780487804877,41,28,797331,19447.09756097561,82,58.0,0.7073170731707317,1608261,19612.939024390245,158.0,48.7,26.0,0.0398989898989899,0.03701134306178233
16,2012,33,28,657855,19935.0,33,18,640193,19399.78787878788,66,46.0,0.696969696969697,1298048,19667.39393939394,150.0,44.1,15.0,0.04084967320261438,0.037378827976821606
16,2013,41,37,819290,19982.682926829268,41,29,782729,19090.951219512193,82,66.0,0.8048780487804879,1602019,19536.817073170732,188.0,59.0,29.0,0.041264266900790166,0.03743523517889513
16,2014,41,32,811036,19781.365853658535,41,22,786823,19190.80487804878,82,54.0,0.6585365853658537,1597859,19486.085365853658,188.0,63.3,13.0,0.03926482873851295,0.036725982760203245
16,2015,41,20,808223,19712.756097560974,41,17,725839,17703.39024390244,82,37.0,0.45121951219512196,1534062,18708.073170731706,180.0,63.0,21.0,0.03474903474903475,0.03574578051910401
16,2016,41,28,809350,19740.243902439026,41,20,739821,18044.414634146342,82,48.0,0.5853658536585366,1549171,18892.329268292684,210.0,62.3,21.0,0.03579952267303103,0.03571605403863026
16,2017,41,23,805400,19643.90243902439,41,18,730566,17818.682926829268,82,41.0,0.5,1535966,18731.29268292683,253.0,62.0,63.0,0.03433767643865364,0.03557428508341604
16,2018,41,26,804850,19630.48780487805,41,18,745274,18177.414634146342,82,44.0,0.5365853658536586,1550124,18903.951219512193,259.0,66.8,40.0,0.03234669664043961,0.035302793664437
16,2019,41,19,805264,19640.585365853658,41,20,745217,18176.024390243903,82,39.0,0.47560975609756095,1550481,18908.30487804878,294.0,75.7,58.0,0.033565475510903074,0.03559865485620869
16,2020,36,29,629771,19680.34375,37,15,598202,18127.333333333332,73,44.0,0.6027397260273972,1227973,16821.54794520548,266.0,50.4,38.0,0.03360282971197574,0.03541423175582602
16,2021,36,21,0,0.0,36,19,58783,3265.722222222222,72,40.0,0.5555555555555556,58783,816.4305555555555,218.0,0.0,16.0,0.034030596315953794,0.0
17,2011,41,22,631912,15412.487804878048,41,13,693384,16911.80487804878,82,35.0,0.4268292682926829,1325296,16162.146341463415,92.0,26.5,-8.0,0.023232323232323233,0.02884085163559986
17,2012,33,17,485717,14718.69696969697,33,14,549820,16661.21212121212,66,31.0,0.4696969696969697,1035537,15689.954545454546,78.0,20.4,-1.0,0.021241830065359478,0.027598075850176502
17,2013,41,21,616469,15035.829268292682,41,17,693702,16919.560975609755,82,38.0,0.4634146341463415,1310171,15977.69512195122,109.0,28.4,12.0,0.02392449517120281,0.028167879499930798
17,2014,41,10,552067,13465.048780487805,41,5,697562,17013.70731707317,82,15.0,0.18292682926829268,1249629,15239.378048780487,110.0,24.9,12.0,0.02297410192147034,0.024999140758828368
17,2015,41,23,611226,14907.951219512195,41,18,725841,17703.439024390245,82,41.0,0.5,1337067,16305.69512195122,126.0,29.3,12.0,0.024324324324324326,0.027033071867009314
17,2016,41,23,621808,15166.048780487805,41,10,722548,17623.121951219513,82,33.0,0.4024390243902439,1344356,16394.585365853658,146.0,30.5,24.0,0.024889191953631096,0.027439955680055115
17,2017,41,23,648952,15828.09756097561,41,19,735056,17928.19512195122,82,42.0,0.5121951219512195,1384008,16878.146341463416,179.0,33.8,20.0,0.024294245385450598,0.028664022167187744
17,2018,41,25,685303,16714.70731707317,41,19,753614,18380.829268292684,82,44.0,0.5365853658536586,1438917,17547.768292682926,204.0,37.7,25.0,0.025477707006369428,0.030059154384816635
17,2019,41,33,721692,17602.243902439026,41,27,745607,18185.536585365855,82,60.0,0.7317073170731707,1467299,17893.89024390244,283.0,46.9,69.0,0.03230962438634547,0.031904151210642676
17,2020,35,30,549036,17710.83870967742,38,26,608353,17892.735294117647,73,56.0,0.7671232876712328,1157389,15854.643835616438,239.0,41.2,27.0,0.030192016169782718,0.030874219591393845
17,2021,36,26,64780,2591.2,36,20,41712,2979.4285714285716,72,46.0,0.6388888888888888,106492,1479.0555555555557,212.0,2.15,11.0,0.033093974399000935,0.043227329174309964
18,2011,41,12,624960,15242.926829268292,41,5,692322,16885.90243902439,82,17.0,0.2073170731707317,1317282,16064.414634146342,97.0,20.0,-7.0,0.024494949494949497,0.02852355808749397
18,2012,33,13,577197,17490.81818181818,33,13,538254,16310.727272727272,66,26.0,0.3939393939393939,1115451,16900.772727272728,96.0,18.5,-5.0,0.026143790849673203,0.032795900877454
18,2013,41,20,669956,16340.390243902439,41,11,698403,17034.219512195123,82,31.0,0.3780487804878049,1368359,16687.30487804878,116.0,23.5,-3.0,0.025460930640913083,0.030611822943660813
18,2014,41,24,597157,14564.80487804878,41,16,721826,17605.51219512195,82,40.0,0.4878048780487805,1318983,16085.158536585366,128.0,21.5,7.0,0.026733500417710943,0.02704094230975529
18,2015,41,9,595652,14528.09756097561,41,7,738032,18000.780487804877,82,16.0,0.1951219512195122,1333684,16264.439024390244,146.0,22.0,15.0,0.028185328185328186,0.026344270897716772
18,2016,41,14,581178,14175.073170731708,41,15,731110,17831.951219512193,82,29.0,0.35365853658536583,1312288,16003.512195121952,154.0,21.5,26.0,0.026252983293556086,0.025646981965852918
18,2017,41,20,607203,14809.829268292682,41,11,742174,18101.80487804878,82,31.0,0.3780487804878049,1349377,16455.817073170732,204.0,24.3,53.0,0.02768729641693811,0.026819980910734384
18,2018,41,30,699308,17056.29268292683,41,17,731886,17850.878048780487,82,47.0,0.573170731707317,1431194,17453.585365853658,223.0,31.5,47.0,0.027850630698139128,0.030673449750748722
18,2019,41,25,627543,15305.926829268292,41,11,723553,17647.634146341465,82,36.0,0.43902439024390244,1351096,16476.780487804877,234.0,29.5,46.0,0.02671537846786163,0.027742065539288693
18,2020,32,8,482112,15066.0,32,11,558820,17463.125,64,19.0,0.296875,1040932,16264.5625,214.0,22.2,32.0,0.027033855482566954,0.02711084838816775
18,2021,36,13,15774,1577.4,36,10,32679,2513.769230769231,72,23.0,0.3194444444444444,48453,672.9583333333334,199.0,0.07,29.0,0.031064626912269747,0.010525901364550254
19,2011,41,19,581378,14179.951219512195,41,5,701058,17098.975609756097,82,24.0,0.2926829268292683,1282436,15639.463414634147,89.0,23.3,-24.0,0.022474747474747474,0.02653444885079216
19,2012,33,9,460719,13961.181818181818,33,13,563677,17081.121212121212,66,22.0,0.3333333333333333,1024396,15521.151515151516,84.0,17.1,-17.0,0.02287581699346405,0.026177708228489978
19,2013,41,26,704702,17187.853658536584,41,23,706824,17239.60975609756,82,49.0,0.5975609756097561,1411526,17213.731707317074,190.0,39.5,-19.0,0.04170324846356453,0.032199447205553296
19,2014,41,28,707331,17251.975609756097,41,16,718662,17528.341463414636,82,44.0,0.5365853658536586,1425993,17390.158536585364,212.0,42.4,-99.0,0.04427736006683375,0.03202992975867572
19,2015,41,19,698529,17037.29268292683,41,19,739614,18039.365853658535,82,38.0,0.4634146341463415,1438143,17538.329268292684,220.0,46.1,-6.0,0.04247104247104247,0.03089427586226723
19,2016,41,14,620142,15125.414634146342,41,7,742352,18106.146341463416,82,21.0,0.25609756097560976,1362494,16615.780487804877,223.0,40.9,16.0,0.03801568360040914,0.027366436255790758
19,2017,41,13,632608,15429.463414634147,41,7,727958,17755.073170731706,82,20.0,0.24390243902439024,1360566,16592.268292682926,273.0,47.5,52.0,0.03705211726384365,0.02794211241376913
19,2018,41,15,640010,15610.0,41,13,725099,17685.341463414636,82,28.0,0.34146341463414637,1365109,16647.670731707316,290.0,48.5,53.0,0.036218308979642816,0.028072486765454836
19,2019,41,23,612597,14941.390243902439,41,19,741515,18085.731707317074,82,42.0,0.5121951219512195,1354112,16513.560975609755,304.0,55.1,42.0,0.03470715835140998,0.027081341235854175
19,2020,36,20,524907,16403.34375,36,15,573149,17910.90625,72,35.0,0.4861111111111111,1098056,15250.777777777777,280.0,52.5,44.0,0.035371399696816574,0.029517361307928383
19,2021,36,28,30491,1524.55,36,20,44199,3399.923076923077,72,48.0,0.6666666666666666,74690,1037.361111111111,212.0,1.45,-80.0,0.033093974399000935,0.02034647258187535
20,2011,41,23,808879,19728.756097560974,41,19,739822,18044.439024390245,82,42.0,0.5121951219512195,1548701,18886.59756097561,244.0,72.8,75.0,0.06161616161616162,0.03691773416259286
20,2012,33,22,652179,19763.0,33,14,607438,18407.21212121212,66,36.0,0.5454545454545454,1259617,19085.10606060606,243.0,77.6,83.0,0.0661764705882353,0.03705632191150868
20,2013,41,31,780353,19033.0,41,23,749124,18271.317073170732,82,54.0,0.6585365853658537,1529477,18652.158536585364,287.0,97.5,96.0,0.06299385425812117,0.03565611453521507
20,2014,41,19,812292,19812.0,41,18,714321,17422.463414634145,82,37.0,0.45121951219512196,1526613,18617.231707317074,278.0,105.6,53.0,0.05806182121971595,0.03678285795975889
20,2015,41,10,812292,19812.0,41,7,715966,17462.585365853658,82,17.0,0.2073170731707317,1528258,18637.29268292683,307.0,105.6,109.0,0.05926640926640927,0.03592574270891083
20,2016,41,18,812292,19812.0,41,14,756070,18440.731707317074,82,32.0,0.3902439024390244,1568362,19126.365853658535,376.0,105.6,141.0,0.0640981929764746,0.03584588245770934
20,2017,41,19,810741,19774.170731707316,41,12,714466,17861.65,82,31.0,0.3780487804878049,1525207,18600.085365853658,426.0,105.4,140.0,0.05781758957654723,0.03581019550883264
20,2018,41,19,792608,19331.90243902439,41,10,745965,18194.268292682926,82,29.0,0.35365853658536583,1538573,18763.085365853658,443.0,103.0,155.0,0.05532658923441988,0.03476582801861475
20,2019,41,9,779087,19002.121951219513,41,8,720226,17566.48780487805,82,17.0,0.2073170731707317,1499313,18284.30487804878,472.0,109.1,157.0,0.05388743007192602,0.03444143686537466
20,2020,33,11,620789,18811.78787878788,33,10,586328,17767.515151515152,66,21.0,0.3181818181818182,1207117,18289.651515151516,421.0,86.9,178.0,0.05318342597271349,0.03490914239853451
20,2021,36,25,42131,1915.0454545454545,36,16,53185,3128.529411764706,72,41.0,0.5694444444444444,95316,1323.8333333333333,298.0,2.63,71.0,0.04651888854199188,0.028113779028139135
21,2011,41,30,744068,18148.0,41,25,728751,17774.414634146342,82,55.0,0.6707317073170732,1472819,17961.20731707317,126.0,37.2,25.0,0.031818181818181815,0.03395972033257402
21,2012,33,26,600699,18203.0,33,21,595053,18031.909090909092,66,47.0,0.7121212121212122,1195752,18117.454545454544,127.0,30.6,30.0,0.034586056644880174,0.034131266900530914
21,2013,41,34,746323,18203.0,41,26,751775,18335.975609756097,82,60.0,0.7317073170731707,1498098,18269.48780487805,144.0,38.1,33.0,0.03160667251975417,0.03410120595200546
21,2014,41,34,746323,18203.0,41,25,744987,18170.414634146342,82,59.0,0.7195121951219512,1491310,18186.70731707317,152.0,41.1,31.0,0.031746031746031744,0.0337955967818237
21,2015,41,29,746323,18203.0,41,16,736220,17956.585365853658,82,45.0,0.5487804878048781,1482543,18079.79268292683,157.0,41.1,21.0,0.03030888030888031,0.03300809077984574
21,2016,41,32,746323,18203.0,41,23,748617,18258.951219512193,82,55.0,0.6707317073170732,1494940,18230.975609756097,187.0,41.1,-8.0,0.031878622570746674,0.03293471625164966
21,2017,41,28,746323,18203.0,41,19,753331,18373.926829268294,82,47.0,0.573170731707317,1499654,18288.463414634145,222.0,46.3,64.0,0.03013029315960912,0.03296487107811064
21,2018,41,27,746322,18202.975609756097,41,21,773542,18866.878048780487,82,48.0,0.5853658536585366,1519864,18534.926829268294,241.0,52.2,10.0,0.03009866366928937,0.032735604862061195
21,2019,41,27,746323,18203.0,41,22,732517,17866.268292682926,82,49.0,0.5975609756097561,1478840,18034.634146341465,258.0,52.2,-23.0,0.029455417285078205,0.032993024509043296
21,2020,37,23,600699,18203.0,35,21,553520,17855.483870967742,72,44.0,0.6111111111111112,1154219,16030.819444444445,236.0,43.3,51.0,0.029813036887316825,0.03377941124868076
21,2021,36,10,0,0.0,36,12,37782,2906.3076923076924,72,22.0,0.3055555555555556,37782,524.75,183.0,0.0,48.0,0.02856696846706213,0.0
22,2011,41,29,777852,18972.0,41,23,714556,17428.19512195122,82,52.0,0.6341463414634146,1492408,18200.09756097561,140.0,42.8,-16.0,0.03535353535353535,0.03550164283389874
22,2012,33,21,623587,18896.575757575756,33,16,566326,17161.39393939394,66,37.0,0.5606060606060606,1189913,18028.984848484848,126.0,34.9,12.0,0.03431372549019608,0.03543174590385762
22,2013,41,12,722716,17627.219512195123,41,8,689682,16821.51219512195,82,20.0,0.24390243902439024,1412398,17224.365853658535,139.0,31.7,12.0,0.030509218612818263,0.033022548093532667
22,2014,41,19,666046,16245.024390243903,41,4,679941,16583.926829268294,82,23.0,0.2804878048780488,1345987,16414.475609756097,143.0,28.0,21.0,0.029866332497911444,0.030160429270096926
22,2015,41,13,688194,16785.219512195123,41,12,721024,17585.951219512193,82,25.0,0.3048780487804878,1409218,17185.585365853658,143.0,28.9,35.0,0.027606177606177607,0.030437183399339374
22,2016,41,23,719275,17543.29268292683,41,12,704188,17175.317073170732,82,35.0,0.4268292682926829,1423463,17359.30487804878,166.0,30.2,45.0,0.028298670303443574,0.031741106775357734
22,2017,41,16,727875,17753.048780487807,41,13,710690,17333.90243902439,82,29.0,0.35365853658536583,1438565,17543.475609756097,211.0,30.6,39.0,0.028637350705754613,0.032150028253155515
22,2018,41,17,734531,17915.39024390244,41,8,723704,17651.317073170732,82,25.0,0.3048780487804878,1458235,17783.353658536584,223.0,30.1,64.0,0.027850630698139128,0.03221842123766239
22,2019,41,25,720024,17561.560975609755,41,17,724048,17659.70731707317,82,42.0,0.5121951219512195,1444072,17610.634146341465,244.0,36.0,70.0,0.027857061308368535,0.03183041321130314
22,2020,35,18,529870,17092.58064516129,38,15,586273,17243.323529411766,73,33.0,0.4520547945205479,1116143,15289.630136986301,218.0,29.1,37.0,0.027539161192521474,0.029796448201742428
22,2021,36,11,108301,3734.5172413793102,36,10,50150,3134.375,72,21.0,0.2916666666666667,158451,2200.7083333333335,188.0,4.92,29.0,0.02934748673118951,0.07226864737429675
23,2011,41,26,604823,14751.780487804877,41,15,703394,17155.951219512193,82,41.0,0.5,1308217,15953.865853658537,116.0,24.8,-10.0,0.029292929292929294,0.027604493044598638
23,2012,33,19,577597,17502.939393939392,33,16,553235,16764.696969696968,66,35.0,0.5303030303030303,1130832,17133.81818181818,107.0,22.5,-1.0,0.029139433551198256,0.032818628577617
23,2013,41,23,685412,16717.365853658535,41,11,710251,17323.19512195122,82,34.0,0.4146341463414634,1395663,17020.280487804877,117.0,26.7,-4.0,0.025680421422300263,0.031318042957239646
23,2014,41,10,568632,13869.073170731708,41,9,715093,17441.29268292683,82,19.0,0.23170731707317074,1283725,15655.182926829268,125.0,22.2,24.0,0.026106934001670842,0.02574925037717178
23,2015,41,12,571572,13940.780487804877,41,6,724272,17665.170731707316,82,18.0,0.21951219512195122,1295844,15802.975609756097,124.0,22.3,14.0,0.023938223938223938,0.025279269784286414
23,2016,41,7,610121,14881.0,41,3,717170,17491.951219512193,82,10.0,0.12195121951219512,1327291,16186.475609756097,140.0,23.2,18.0,0.02386634844868735,0.026924216477547582
23,2017,41,17,710557,17330.658536585364,41,11,705569,17209.0,82,28.0,0.34146341463414637,1416126,17269.829268292684,184.0,27.0,40.0,0.0249728555917481,0.03138509720141154
23,2018,41,30,833503,20329.341463414636,41,22,737197,17980.414634146342,82,52.0,0.6341463414634146,1570700,19154.878048780487,268.0,43.3,68.0,0.03347071312601474,0.03655958803216653
23,2019,41,31,838342,20447.365853658535,41,20,733699,17895.09756097561,82,51.0,0.6219512195121951,1572041,19171.231707317074,300.0,58.7,90.0,0.03425048521520722,0.03706094834670829
23,2020,35,31,639491,20628.74193548387,38,12,603996,17764.58823529412,73,43.0,0.589041095890411,1243487,17034.068493150684,259.0,46.7,51.0,0.032718544719555334,0.035960821441071336
23,2021,36,29,68583,4034.294117647059,36,20,39344,3278.6666666666665,72,49.0,0.6805555555555556,107927,1498.986111111111,236.0,1.42,13.0,0.036840462066812366,0.04576504965671041
24,2011,41,23,720249,17567.048780487807,41,17,715961,17462.463414634145,82,40.0,0.4878048780487805,1436210,17514.756097560974,136.0,46.8,13.0,0.03434343434343434,0.032872606549154255
24,2012,33,19,514718,15597.515151515152,33,14,587617,17806.575757575756,66,33.0,0.5,1102335,16702.045454545456,121.0,31.9,13.0,0.0329520697167756,0.029245890931244217
24,2013,41,17,632913,15436.90243902439,41,8,703236,17152.09756097561,82,25.0,0.3048780487804878,1336149,16294.5,137.0,36.7,28.0,0.0300702370500439,0.028919243494708903
24,2014,41,26,650739,15871.682926829268,41,22,707251,17250.024390243903,82,48.0,0.5853658536585366,1357990,16560.853658536584,145.0,37.1,28.0,0.030284043441938177,0.02946728541691355
24,2015,41,22,693862,16923.463414634145,41,17,721033,17586.170731707316,82,39.0,0.47560975609756095,1414895,17254.817073170732,154.0,38.9,22.0,0.02972972972972973,0.03068786555510861
24,2016,41,14,701405,17107.439024390245,41,9,709412,17302.731707317074,82,23.0,0.2804878048780488,1410817,17205.085365853658,173.0,39.3,26.0,0.029491987725877942,0.030952516072113995
24,2017,41,15,708639,17283.878048780487,41,9,722367,17618.70731707317,82,24.0,0.2926829268292683,1431006,17451.29268292683,218.0,39.7,31.0,0.029587404994571118,0.031300379696085005
24,2018,41,10,690576,16843.317073170732,41,11,722045,17610.853658536584,82,21.0,0.25609756097560976,1412621,17227.085365853658,235.0,39.1,47.0,0.029349319345572625,0.030290441743942655
24,2019,41,12,627023,15293.243902439024,41,7,737301,17982.951219512193,82,19.0,0.23170731707317074,1364324,16638.09756097561,246.0,37.0,42.0,0.028085397876469916,0.02771907767378716
24,2020,39,17,551633,15760.942857142858,34,17,529818,17660.6,73,34.0,0.4657534246575342,1081451,14814.397260273972,222.0,32.5,20.0,0.028044466902475997,0.031020258008326158
24,2021,36,27,104027,3852.8518518518517,36,24,53872,3168.9411764705883,72,51.0,0.7083333333333334,157899,2193.0416666666665,206.0,2.75,15.0,0.03215735248204808,0.06941663124445728
25,2011,41,30,840924,20510.341463414636,41,18,669689,16333.878048780487,82,48.0,0.5853658536585366,1510613,18422.10975609756,132.0,45.4,-8.0,0.03333333333333333,0.03838028763627717
25,2012,33,20,676384,20496.484848484848,33,8,566427,17164.454545454544,66,28.0,0.42424242424242425,1242811,18830.469696969696,117.0,32.5,-10.0,0.031862745098039214,0.03843163186762206
25,2013,41,22,813012,19829.560975609755,41,11,685844,16727.90243902439,82,33.0,0.4024390243902439,1498856,18278.731707317074,140.0,39.0,30.0,0.030728709394205442,0.0371483789906674
25,2014,41,31,809612,19746.634146341465,41,23,709822,17312.731707317074,82,54.0,0.6585365853658537,1519434,18529.682926829268,153.0,41.3,12.0,0.03195488721804511,0.036661500049879
25,2015,41,32,801377,19545.780487804877,41,19,723952,17657.365853658535,82,51.0,0.6219512195121951,1525329,18601.573170731706,157.0,42.5,4.0,0.03030888030888031,0.035442998225808986
25,2016,41,28,794085,19367.926829268294,41,16,725852,17703.70731707317,82,44.0,0.5365853658536586,1519937,18535.817073170732,178.0,42.1,41.0,0.03034435731333106,0.03504242017824886
25,2017,41,25,792029,19317.780487804877,41,16,719788,17555.80487804878,82,41.0,0.5,1511817,18436.79268292683,223.0,42.0,25.0,0.03026601520086862,0.03498369188022464
25,2018,41,28,795750,19408.536585365855,41,21,719823,17556.658536585364,82,49.0,0.5975609756097561,1515573,18482.59756097561,246.0,46.1,40.0,0.030723117272386663,0.034903644229950605
25,2019,41,32,799345,19496.219512195123,41,21,735976,17950.634146341465,82,53.0,0.6463414634146342,1535321,18723.426829268294,287.0,52.8,51.0,0.032766297522548234,0.035336991056394096
25,2020,36,21,628303,19634.46875,38,14,610016,17941.647058823528,74,35.0,0.47297297297297297,1238319,16734.04054054054,240.0,42.6,27.0,0.03031834259727135,0.035331680967972096
25,2021,36,20,7756,1939.0,36,22,58149,3634.3125,72,42.0,0.5833333333333334,65905,915.3472222222222,201.0,0.0,19.0,0.0313768342179207,0.005175535120036248
26,2011,41,11,569496,13890.146341463415,41,13,713432,17400.780487804877,82,24.0,0.2926829268292683,1282928,15645.463414634147,104.0,29.6,6.0,0.026262626262626262,0.025992147075965606
26,2012,33,16,478764,14508.0,33,6,557893,16905.848484848484,66,22.0,0.3333333333333333,1036657,15706.924242424242,96.0,23.0,3.0,0.026143790849673203,0.027203011602093197
26,2013,41,20,563743,13749.829268292682,41,8,709534,17305.70731707317,82,28.0,0.34146341463414637,1273277,15527.768292682927,115.0,24.2,13.0,0.0252414398595259,0.0257587078878735
26,2014,41,17,667949,16291.439024390244,41,11,691240,16859.51219512195,82,28.0,0.34146341463414637,1359189,16575.475609756097,125.0,28.7,9.0,0.026106934001670842,0.030246602442672084
26,2015,41,18,680049,16586.560975609755,41,11,718130,17515.365853658535,82,29.0,0.35365853658536583,1398179,17050.963414634145,141.0,31.3,4.0,0.02722007722007722,0.030076949426378813
26,2016,41,18,707526,17256.731707317074,41,15,711569,17355.341463414636,82,33.0,0.4024390243902439,1419095,17306.036585365855,164.0,34.0,18.0,0.027957722468462325,0.031222631555860775
26,2017,41,17,721928,17608.0,41,15,717065,17489.39024390244,82,32.0,0.3902439024390244,1438993,17548.69512195122,240.0,54.1,50.0,0.03257328990228013,0.03188735098299029
26,2018,41,14,714680,17431.219512195123,41,13,716618,17478.48780487805,82,27.0,0.32926829268292684,1431298,17454.853658536584,263.0,48.7,72.0,0.03284625952291745,0.031347705257004206
26,2019,41,24,700975,17096.951219512193,41,15,705164,17199.121951219513,82,39.0,0.47560975609756095,1406139,17148.036585365855,286.0,56.1,81.0,0.03265212923849754,0.030988305807574768
26,2020,35,16,520663,16795.58064516129,37,15,585417,17739.909090909092,72,31.0,0.4305555555555556,1106080,15362.222222222223,245.0,46.3,45.0,0.030949974734714503,0.029278706305440615
26,2021,36,16,0,0.0,36,15,62850,2992.8571428571427,72,31.0,0.4305555555555556,62850,872.9166666666666,192.0,0.0,25.0,0.029971901342491416,0.0
27,2011,41,36,750879,18314.121951219513,41,25,712972,17389.560975609755,82,61.0,0.7439024390243902,1463851,17851.841463414636,139.0,39.8,14.0,0.0351010101010101,0.03427057855411448
27,2012,33,28,607095,18396.81818181818,33,22,560696,16990.78787878788,66,50.0,0.7575757575757576,1167791,17693.803030303032,135.0,33.4,15.0,0.03676470588235294,0.03449468282613724
27,2013,41,35,755700,18431.70731707317,41,23,708920,17290.731707317074,82,58.0,0.7073170731707317,1464620,17861.219512195123,167.0,42.3,39.0,0.03665496049165935,0.034529662542800536
27,2014,41,32,755031,18415.39024390244,41,30,721842,17605.90243902439,82,62.0,0.7560975609756098,1476873,18010.646341463416,172.0,41.5,41.0,0.03592314118629908,0.03418991942332895
27,2015,41,33,762855,18606.219512195123,41,22,736866,17972.341463414636,82,55.0,0.6707317073170732,1499721,18289.280487804877,170.0,45.0,32.0,0.032818532818532815,0.03373926181004635
27,2016,41,40,756445,18449.878048780487,41,27,735470,17938.29268292683,82,67.0,0.8170731707317073,1491915,18194.085365853658,187.0,41.6,18.0,0.031878622570746674,0.03338139308982723
27,2017,41,31,755347,18423.09756097561,41,30,743388,18131.414634146342,82,61.0,0.7439024390243902,1498735,18277.256097560974,259.0,49.1,59.0,0.03515200868621064,0.03336345854842694
27,2018,41,33,754562,18403.951219512193,41,14,755528,18427.51219512195,82,47.0,0.573170731707317,1510090,18415.731707317074,262.0,56.6,53.0,0.03272136880229799,0.03309703248185986
27,2019,41,32,750616,18307.70731707317,41,16,712647,17381.634146341465,82,48.0,0.5853658536585366,1463263,17844.670731707316,285.0,56.3,66.0,0.03253796095444685,0.03318280702173193
27,2020,34,19,550515,18350.5,37,13,580417,17588.39393939394,71,32.0,0.4507042253521127,1130932,15928.61971830986,255.0,41.3,63.0,0.03221323900960081,0.030957388947821605
27,2021,36,14,61053,3391.8333333333335,36,19,62652,3297.4736842105262,72,33.0,0.4583333333333333,123705,1718.125,205.0,2.37,39.0,0.0320012488292226,0.04074032306389544
28,2011,41,16,680255,16591.585365853658,41,6,691090,16855.853658536584,82,22.0,0.2682926829268293,1371345,16723.719512195123,134.0,42.1,7.0,0.03383838383838384,0.031047255835266595
28,2012,33,13,555584,16835.878787878788,33,10,552167,16732.333333333332,66,23.0,0.3484848484848485,1107751,16784.10606060606,121.0,31.7,19.0,0.0329520697167756,0.031567866418396845
28,2013,41,21,743936,18144.780487804877,41,13,668870,16313.90243902439,82,34.0,0.4146341463414634,1412806,17229.341463414636,149.0,40.9,29.0,0.03270412642669008,0.033992138458966335
28,2014,41,26,748339,18252.170731707316,41,22,684820,16702.926829268294,82,48.0,0.5853658536585366,1433159,17477.548780487807,151.0,43.4,18.0,0.03153717627401838,0.03388688691104678
28,2015,41,27,809824,19751.80487804878,41,22,718430,17522.682926829268,82,49.0,0.5975609756097561,1528254,18637.243902439026,163.0,43.7,23.0,0.031467181467181464,0.03581658894030841
28,2016,41,32,812863,19825.926829268294,41,24,703668,17162.634146341465,82,56.0,0.6829268292682927,1516531,18494.280487804877,193.0,43.9,46.0,0.032901466075690416,0.035871080291595865
28,2017,41,28,813050,19830.48780487805,41,23,734953,17925.682926829268,82,51.0,0.6219512195121951,1548003,18878.085365853658,250.0,52.9,51.0,0.03393051031487514,0.03591218337108445
28,2018,41,34,813431,19839.780487804877,41,25,724603,17673.243902439026,82,59.0,0.7195121951219512,1538034,18756.51219512195,275.0,52.9,76.0,0.03434494817035094,0.035679178422385105
28,2019,41,32,812822,19824.926829268294,41,26,747839,18239.975609756097,82,58.0,0.7073170731707317,1560661,19032.451219512193,334.0,63.4,79.0,0.0381322068729307,0.03593277463978678
28,2020,36,26,612669,19763.516129032258,36,27,569250,17789.0625,72,53.0,0.7361111111111112,1181919,16415.541666666668,264.0,53.2,79.0,0.03335017685699848,0.03445252632402916
28,2021,36,16,15035,1879.375,36,11,44270,2459.4444444444443,72,27.0,0.375,59305,823.6805555555555,194.0,1.62,2.0,0.030284108648142367,0.010032770826424056
29,2011,41,21,799982,19511.756097560974,41,18,710583,17331.29268292683,82,39.0,0.47560975609756095,1510565,18421.524390243903,120.0,32.8,-16.0,0.030303030303030304,0.03651166962037507
29,2012,33,25,637124,19306.78787878788,33,11,558871,16935.484848484848,66,36.0,0.5454545454545454,1195995,18121.136363636364,111.0,26.8,12.0,0.03022875816993464,0.036200908096623866
29,2013,41,30,763915,18632.073170731706,41,13,687533,16769.09756097561,82,43.0,0.524390243902439,1451448,17700.585365853658,131.0,33.7,18.0,0.02875329236172081,0.034905024694168944
29,2014,41,16,745203,18175.682926829268,41,9,709135,17295.975609756097,82,25.0,0.3048780487804878,1454338,17735.829268292684,142.0,33.5,33.0,0.029657477025898077,0.03374488004336643
29,2015,41,21,772059,18830.70731707317,41,17,702545,17135.243902439026,82,38.0,0.4634146341463415,1474604,17982.975609756097,146.0,33.2,28.0,0.028185328185328186,0.034146332833634926
29,2016,41,24,791489,19304.60975609756,41,16,712518,17378.48780487805,82,40.0,0.4878048780487805,1504007,18341.548780487807,164.0,34.0,36.0,0.027957722468462325,0.03492786049914305
29,2017,41,29,806142,19662.0,41,22,705701,17212.219512195123,82,51.0,0.6219512195121951,1511843,18437.10975609756,221.0,35.5,61.0,0.02999457111834962,0.03560705900883434
29,2018,41,28,734806,17922.09756097561,41,20,717311,17495.39024390244,82,48.0,0.5853658536585366,1452117,17708.743902439026,243.0,32.3,59.0,0.030348445110528286,0.03223048344584742
29,2019,41,29,750546,18306.0,41,21,718204,17517.170731707316,82,50.0,0.6097560975609756,1468750,17911.585365853658,258.0,42.0,63.0,0.029455417285078205,0.033179712501375955
29,2020,35,23,567486,18306.0,37,21,569625,17261.363636363636,72,44.0,0.6111111111111112,1137111,15793.208333333334,226.0,35.8,42.0,0.02854977261243052,0.031911727790239125
29,2021,36,31,137776,5102.814814814815,36,21,38418,3201.5,72,52.0,0.7222222222222222,176194,2447.1388888888887,262.0,5.33,96.0,0.04089915704027474,0.09193714887804462
30,2011,41,20,688466,16791.853658536584,41,3,704905,17192.80487804878,82,23.0,0.2804878048780488,1393371,16992.329268292684,109.0,23.4,-3.0,0.027525252525252526,0.03142201091632204
30,2012,33,11,552038,16728.424242424244,33,9,539928,16361.454545454546,66,20.0,0.30303030303030304,1091966,16544.939393939392,102.0,18.8,2.0,0.027777777777777776,0.03136638535645187
30,2013,41,22,670070,16343.170731707318,41,7,663949,16193.878048780487,82,29.0,0.35365853658536583,1334019,16268.524390243903,122.0,23.5,7.0,0.026777875329236173,0.030617031864568423
30,2014,41,22,698068,17026.048780487807,41,22,704878,17192.146341463416,82,44.0,0.5365853658536586,1402946,17109.09756097561,143.0,23.0,10.0,0.029866332497911444,0.03161047516195281
30,2015,41,29,747796,18238.926829268294,41,17,748386,18253.317073170732,82,46.0,0.5609756097560976,1496182,18246.121951219513,146.0,26.2,3.0,0.028185328185328186,0.03307323806556347
30,2016,41,22,725426,17693.317073170732,41,19,729274,17787.170731707316,82,41.0,0.5,1454700,17740.243902439026,155.0,34.8,7.0,0.02642345721104671,0.03201254613829295
30,2017,41,30,697107,17002.60975609756,41,19,735927,17949.439024390245,82,49.0,0.5975609756097561,1433034,17476.024390243903,222.0,55.1,21.0,0.03013029315960912,0.030791014591066437
30,2018,41,23,739302,18031.756097560974,41,20,724971,17682.219512195123,82,43.0,0.524390243902439,1464273,17856.98780487805,255.0,56.8,34.0,0.03184713375796178,0.03242768958402883
30,2019,41,22,716996,17487.70731707317,41,10,717896,17509.658536585364,82,32.0,0.3902439024390244,1434892,17498.682926829268,269.0,60.9,55.0,0.030711268409635804,0.03169655310219035
30,2020,36,16,532702,16646.9375,36,9,562813,17587.90625,72,25.0,0.3472222222222222,1095515,15215.486111111111,231.0,42.6,39.0,0.029181404749873675,0.029955701492752177
30,2021,36,19,21331,3047.285714285714,36,15,48219,2836.4117647058824,72,34.0,0.4722222222222222,69550,965.9722222222222,213.0,0.0,15.0,0.033250078051826414,0.014234056168836152
