franchise_id,season_year,home_games,home_wins,home_attendance_total,avg_home_attendance,away_games,away_wins,away_attendance_total,avg_away_attendance,total_games,total_wins,Pct,total_attendance,attendance_avg
1,2005,41,9,586390,14302.19512195122,41,4,685963,16730.80487804878,82,13,0.15853658536585366,1272353,15516.5
1,2006,41,18,617817,15068.707317073171,41,8,699761,17067.341463414636,82,26,0.3170731707317073,1317578,16068.024390243903
1,2007,41,18,639375,15594.512195121952,41,12,703992,17170.536585365855,82,30,0.36585365853658536,1343367,16382.524390243903
1,2008,41,25,667518,16280.926829268292,41,12,690997,16853.585365853658,82,37,0.45121951219512196,1358515,16567.256097560974
1,2009,41,31,686688,16748.48780487805,41,16,709432,17303.219512195123,82,47,0.573170731707317,1396120,17025.853658536584
1,2010,41,34,678375,16545.731707317074,41,19,700983,17097.146341463416,82,53,0.6463414634146342,1379358,16821.439024390245
1,2011,41,24,641596,15648.682926829268,41,20,695258,16957.51219512195,82,44,0.5365853658536586,1336854,16303.09756097561
1,2012,33,23,501593,15199.787878787878,33,17,555071,16820.333333333332,66,40,0.6060606060606061,1056664,16010.060606060606
1,2013,41,25,620146,15125.512195121952,41,19,703804,17165.951219512193,82,44,0.5365853658536586,1323950,16145.731707317073
1,2014,41,24,587927,14339.682926829268,41,14,708251,17274.414634146342,82,38,0.4634146341463415,1296178,15807.048780487805
1,2015,41,35,713909,17412.414634146342,41,25,720873,17582.268292682926,82,60,0.7317073170731707,1434782,17497.341463414636
1,2016,41,27,690150,16832.926829268294,41,21,722066,17611.365853658535,82,48,0.5853658536585366,1412216,17222.146341463416
1,2017,41,23,654306,15958.682926829268,41,20,730479,17816.560975609755,82,43,0.524390243902439,1384785,16887.621951219513
1,2018,41,16,590769,14409.0,41,8,729839,17800.951219512193,82,24,0.2926829268292683,1320608,16104.975609756097
1,2019,41,17,628440,15327.80487804878,41,12,729237,17786.268292682926,82,29,0.35365853658536583,1357677,16557.036585365855
1,2020,34,14,545453,16042.735294117647,33,6,586966,17786.848484848484,67,20,0.29850746268656714,1132419,16901.776119402984
1,2021,36,25,59288,2195.8518518518517,36,16,37074,2851.846153846154,72,41,0.5694444444444444,96362,1338.361111111111
1,2022,41,27,673742,16432.731707317074,41,16,682933,17073.325,82,43,0.524390243902439,1356675,16544.817073170732
1,2023,41,24,719787,17555.780487804877,41,17,740177,18053.09756097561,82,41,0.5,1459964,17804.439024390245
1,2024,39,21,662189,16979.20512820513,39,14,718687,18427.871794871793,78,35,0.44871794871794873,1380876,17703.53846153846
2,2005,41,27,656081,16001.975609756097,41,18,705864,17216.19512195122,82,45,0.5487804878048781,1361945,16609.085365853658
2,2006,41,21,692873,16899.341463414636,41,12,734725,17920.121951219513,82,33,0.4024390243902439,1427598,17409.731707317074
2,2007,41,12,690576,16843.317073170732,41,12,720385,17570.365853658535,82,24,0.2926829268292683,1410961,17206.841463414636
2,2008,41,35,763584,18624.0,41,31,780728,19042.146341463416,82,66,0.8048780487804879,1544312,18833.073170731706
2,2009,41,35,763584,18624.0,41,27,777995,18975.48780487805,82,62,0.7560975609756098,1541579,18799.743902439026
2,2010,41,24,763584,18624.0,41,26,744318,18154.09756097561,82,50,0.6097560975609756,1507902,18389.048780487807
2,2011,41,33,763584,18624.0,41,23,777555,18964.756097560974,82,56,0.6829268292682927,1541139,18794.378048780487
2,2012,33,24,614592,18624.0,33,15,603533,18288.878787878788,66,39,0.5909090909090909,1218125,18456.439393939392
2,2013,40,27,744960,18624.0,41,14,728521,17768.80487804878,81,41,0.5061728395061729,1473481,18191.123456790123
2,2014,41,16,742400,18107.317073170732,41,9,717276,17494.536585365855,82,25,0.3048780487804878,1459676,17800.926829268294
2,2015,41,21,721350,17593.90243902439,41,19,727404,17741.560975609755,82,40,0.4878048780487805,1448754,17667.731707317074
2,2016,41,28,749076,18270.146341463416,41,20,715023,17439.585365853658,82,48,0.5853658536585366,1464099,17854.865853658535
2,2017,41,30,760690,18553.414634146342,41,23,750843,18313.243902439026,82,53,0.6463414634146342,1511533,18433.329268292684
2,2018,41,27,763584,18624.0,41,28,761262,18567.365853658535,82,55,0.6707317073170732,1524846,18595.682926829268
2,2019,41,28,763584,18624.0,41,21,765533,18671.536585365855,82,49,0.5975609756097561,1529117,18647.768292682926
2,2020,36,26,610864,19089.5,36,22,589088,18409.0,72,48,0.6666666666666666,1199952,16666.0
2,2021,36,21,30067,2505.5833333333335,36,15,57455,2872.75,72,36,0.5,87522,1215.5833333333333
2,2022,41,28,785396,19156.0,41,23,720930,17583.658536585364,82,51,0.6219512195121951,1506326,18369.829268292684
2,2023,41,32,785396,19156.0,41,25,772066,18830.878048780487,82,57,0.6951219512195121,1557462,18993.439024390245
2,2024,39,35,747084,19156.0,38,26,713124,18766.42105263158,77,61,0.7922077922077922,1460208,18963.74025974026
3,2005,41,14,591701,14431.731707317073,41,4,685409,16717.29268292683,82,18,0.21951219512195122,1277110,15574.512195121952
3,2006,41,17,671011,16366.121951219513,41,9,701798,17117.024390243903,82,26,0.3170731707317073,1372809,16741.573170731706
3,2007,41,20,637520,15549.268292682927,41,13,716570,17477.317073170732,82,33,0.4024390243902439,1354090,16513.29268292683
3,2008,41,21,603403,14717.146341463415,41,11,709067,17294.317073170732,82,32,0.3902439024390244,1312470,16005.731707317073
3,2009,41,23,597548,14574.341463414634,41,12,709734,17310.585365853658,82,35,0.4268292682926829,1307282,15942.463414634147
3,2010,41,31,648520,15817.560975609756,41,13,685158,16711.170731707316,82,44,0.5365853658536586,1333678,16264.365853658537
3,2011,41,21,649694,15846.19512195122,41,13,675411,16473.439024390245,82,34,0.4146341463414634,1325105,16159.817073170732
3,2012,33,4,486984,14757.09090909091,33,3,545638,16534.484848484848,66,7,0.10606060606060606,1032622,15645.787878787878
3,2013,41,15,628293,15324.219512195123,41,6,677889,16533.878048780487,82,21,0.25609756097560976,1306182,15929.048780487805
3,2014,41,25,636268,15518.731707317073,41,18,698106,17026.975609756097,82,43,0.524390243902439,1334374,16272.853658536585
3,2015,41,19,704886,17192.341463414636,41,14,723833,17654.463414634145,82,33,0.4024390243902439,1428719,17423.40243902439
3,2016,41,30,716894,17485.219512195123,41,18,729157,17784.317073170732,82,48,0.5853658536585366,1446051,17634.768292682926
3,2017,41,22,710643,17332.756097560974,41,14,720119,17563.878048780487,82,36,0.43902439024390244,1430762,17448.317073170732
3,2018,41,21,671404,16375.707317073171,41,15,722558,17623.365853658535,82,36,0.43902439024390244,1393962,16999.536585365855
3,2019,41,25,676570,16501.70731707317,41,14,723570,17648.048780487807,82,39,0.47560975609756095,1400140,17074.878048780487
3,2020,31,10,478591,15438.41935483871,34,13,597193,17564.5,65,23,0.35384615384615387,1075784,16550.523076923077
3,2021,36,18,68255,3791.9444444444443,36,15,37821,2521.4,72,33,0.4583333333333333,106076,1473.2777777777778
3,2022,41,22,700755,17091.585365853658,41,21,700136,17503.4,82,43,0.524390243902439,1400891,17084.036585365855
3,2023,41,13,702052,17123.219512195123,41,14,739344,18032.780487804877,82,27,0.32926829268292684,1441396,17578.0
3,2024,39,11,639469,16396.641025641027,39,9,712295,18263.97435897436,78,20,0.2564102564102564,1351764,17330.30769230769
4,2005,41,11,583070,14221.219512195123,41,7,684323,16690.80487804878,82,18,0.21951219512195122,1267393,15456.012195121952
4,2006,41,24,744920,18168.780487804877,41,14,683051,16659.780487804877,82,38,0.4634146341463415,1427971,17414.280487804877
4,2007,41,24,731165,17833.29268292683,41,15,696244,16981.560975609755,82,39,0.47560975609756095,1427409,17407.426829268294
4,2008,41,30,581432,14181.268292682927,41,26,674121,16853.025,82,56,0.6829268292682927,1255553,15311.621951219513
4,2009,41,28,695727,16968.951219512193,41,21,727689,17748.51219512195,82,49,0.5975609756097561,1423416,17358.731707317074
4,2010,41,24,617366,15057.707317073171,41,13,703920,17168.780487804877,82,37,0.45121951219512196,1321286,16113.243902439024
4,2011,41,28,603088,14709.463414634147,41,18,704368,17179.70731707317,82,46,0.5609756097560976,1307456,15944.585365853658
4,2012,33,11,498618,15109.636363636364,33,10,551676,16717.454545454544,66,21,0.3181818181818182,1050294,15913.545454545454
4,2013,41,16,565930,13803.170731707318,41,11,707426,17254.29268292683,82,27,0.32926829268292684,1273356,15528.731707317073
4,2014,41,22,672029,16390.951219512193,41,12,713288,17397.268292682926,82,34,0.4146341463414634,1385317,16894.10975609756
4,2015,41,28,683757,16677.0,41,17,723265,17640.60975609756,82,45,0.5487804878048781,1407022,17158.80487804878
4,2016,41,21,688549,16793.878048780487,41,9,731893,17851.048780487807,82,30,0.36585365853658536,1420442,17322.463414634145
4,2017,41,21,663099,16173.146341463415,41,13,740577,18062.853658536584,82,34,0.4146341463414634,1403676,17118.0
4,2018,41,24,673920,16437.073170731706,41,24,734378,17911.658536585364,82,48,0.5853658536585366,1408298,17174.365853658535
4,2019,41,19,656183,16004.463414634147,41,14,724356,17667.219512195123,82,33,0.4024390243902439,1380539,16835.841463414636
4,2020,36,15,528172,16505.375,36,15,562718,18152.1935483871,72,30,0.4166666666666667,1090890,15151.25
4,2021,36,18,89370,2882.9032258064517,36,13,51001,3000.0588235294117,72,31,0.4305555555555556,140371,1949.5972222222222
4,2022,41,19,635941,15510.756097560976,41,17,664845,16621.125,82,36,0.43902439024390244,1300786,15863.243902439024
4,2023,41,27,687691,16772.951219512193,41,15,738885,18021.585365853658,82,42,0.5121951219512195,1426576,17397.268292682926
4,2024,38,19,660422,17379.526315789473,38,26,692437,18222.026315789473,76,45,0.5921052631578947,1352859,17800.776315789473
5,2005,41,27,828384,20204.48780487805,41,20,710733,17334.951219512193,82,47,0.573170731707317,1539117,18769.719512195123
5,2006,41,21,868720,21188.29268292683,41,20,713293,17397.39024390244,82,41,0.5,1582013,19292.841463414636
5,2007,41,31,912364,22252.780487804877,41,18,744276,18153.073170731706,82,49,0.5975609756097561,1656640,20202.926829268294
5,2008,41,20,901502,21987.853658536584,41,13,711494,17353.51219512195,82,33,0.4024390243902439,1612996,19670.682926829268
5,2009,41,28,868667,21187.0,41,13,719902,17558.585365853658,82,41,0.5,1588569,19372.79268292683
5,2010,41,24,849760,20725.853658536584,41,17,727138,17735.073170731706,82,41,0.5,1576898,19230.463414634145
5,2011,41,36,893462,21791.756097560974,41,26,755676,18431.121951219513,82,62,0.7560975609756098,1649138,20111.439024390245
5,2012,33,26,731326,22161.39393939394,33,24,593639,17989.060606060608,66,50,0.7575757575757576,1324965,20075.227272727272
5,2013,41,24,896944,21876.682926829268,41,21,743927,18144.560975609755,82,45,0.5487804878048781,1640871,20010.621951219513
5,2014,41,27,890370,21716.341463414636,41,21,719618,17551.658536585364,82,48,0.5853658536585366,1609988,19634.0
5,2015,41,27,896525,21866.463414634145,41,23,754592,18404.682926829268,82,50,0.6097560975609756,1651117,20135.573170731706
5,2016,41,26,894659,21820.951219512193,41,16,744400,18156.09756097561,82,42,0.5121951219512195,1639059,19988.524390243903
5,2017,41,25,888882,21680.048780487807,41,16,739359,18033.146341463416,82,41,0.5,1628241,19856.59756097561
5,2018,41,17,851824,20776.19512195122,41,10,739664,18040.585365853658,82,27,0.32926829268292684,1591488,19408.39024390244
5,2019,41,9,823475,20084.756097560974,41,13,730710,17822.19512195122,82,22,0.2682926829268293,1554185,18953.475609756097
5,2020,34,14,639352,18804.470588235294,31,8,550804,17767.870967741936,65,22,0.3384615384615385,1190156,18310.092307692306
5,2021,36,15,13655,3413.75,36,16,42181,2636.3125,72,31,0.4305555555555556,55836,775.5
5,2022,41,27,856148,20881.658536585364,41,19,727959,18198.975,82,46,0.5609756097560976,1584107,19318.378048780487
5,2023,41,22,841632,20527.60975609756,41,18,747996,18243.80487804878,82,40,0.4878048780487805,1589628,19385.70731707317
5,2024,39,20,804740,20634.358974358973,39,19,714583,18322.641025641027,78,39,0.5,1519323,19478.5
6,2005,41,29,784249,19128.024390243903,41,13,749302,18275.658536585364,82,42,0.5121951219512195,1533551,18701.841463414636
6,2006,41,31,792391,19326.60975609756,41,19,770731,18798.317073170732,82,50,0.6097560975609756,1563122,19062.463414634145
6,2007,41,30,837883,20436.170731707316,41,20,776561,18940.51219512195,82,50,0.6097560975609756,1614444,19688.341463414636
6,2008,41,27,839074,20465.219512195123,41,18,737681,17992.219512195123,82,45,0.5487804878048781,1576755,19228.719512195123
6,2009,41,39,841000,20512.19512195122,41,27,774879,18899.48780487805,82,66,0.8048780487804879,1615879,19705.841463414636
6,2010,41,35,843042,20562.0,41,26,787239,19200.951219512193,82,61,0.7439024390243902,1630281,19881.475609756097
6,2011,41,12,824595,20112.073170731706,41,7,664203,16200.073170731708,82,19,0.23170731707317074,1488798,18156.073170731706
6,2012,33,11,525577,15926.575757575758,33,10,551860,16723.030303030304,66,21,0.3181818181818182,1077437,16324.80303030303
6,2013,41,14,663882,16192.243902439024,41,10,688014,16780.829268292684,82,24,0.2926829268292683,1351896,16486.536585365855
6,2014,41,19,710522,17329.80487804878,41,14,712910,17388.048780487807,82,33,0.4024390243902439,1423432,17358.926829268294
6,2015,41,31,843042,20562.0,41,22,775537,18915.536585365855,82,53,0.6463414634146342,1618579,19738.768292682926
6,2016,41,33,843042,20562.0,41,24,775317,18910.170731707316,82,57,0.6951219512195121,1618359,19736.085365853658
6,2017,41,31,822480,20562.0,41,20,779880,19021.463414634145,82,51,0.6219512195121951,1602360,19540.975609756097
6,2018,41,29,843042,20562.0,41,21,781477,19060.414634146342,82,50,0.6097560975609756,1624519,19811.20731707317
6,2019,41,13,793337,19349.682926829268,41,6,722921,17632.219512195123,82,19,0.23170731707317074,1516258,18490.951219512193
6,2020,36,11,643008,17861.333333333332,29,8,529374,18254.275862068964,65,19,0.2923076923076923,1172382,18036.646153846155
6,2021,36,13,81156,3381.5,36,9,41431,2959.3571428571427,72,22,0.3055555555555556,122587,1702.5972222222222
6,2022,41,25,758228,18493.365853658535,41,19,702513,17134.463414634145,82,44,0.5365853658536586,1460741,17813.914634146342
6,2023,41,31,777280,19432.0,41,20,741821,18093.19512195122,82,51,0.6219512195121951,1519101,18525.621951219513
6,2024,39,24,754303,19341.102564102563,39,21,716217,18364.53846153846,78,45,0.5769230769230769,1470520,18852.82051282051
7,2005,41,29,822533,20061.780487804877,41,29,707622,17259.073170731706,82,58,0.7073170731707317,1530155,18660.426829268294
7,2006,41,34,824693,20114.463414634145,41,26,721264,17591.80487804878,82,60,0.7317073170731707,1545957,18853.134146341465
7,2007,41,36,834411,20351.48780487805,41,31,730683,17821.536585365855,82,67,0.8170731707317073,1565094,19086.51219512195
7,2008,41,34,831738,20286.29268292683,41,17,726365,17716.219512195123,82,51,0.6219512195121951,1558103,19001.256097560974
7,2009,41,32,821723,20042.024390243903,41,18,701207,17102.60975609756,82,50,0.6097560975609756,1522930,18572.317073170732
7,2010,41,28,819770,19994.39024390244,41,27,702032,17122.731707317074,82,55,0.6707317073170732,1521802,18558.560975609755
7,2011,41,29,824162,20101.51219512195,41,28,686552,16745.170731707316,82,57,0.6951219512195121,1510714,18423.341463414636
7,2012,33,23,671050,20334.848484848484,33,13,584524,17712.848484848484,66,36,0.5454545454545454,1255574,19023.848484848484
7,2013,41,24,821490,20036.341463414636,41,17,722151,17613.439024390245,82,41,0.5,1543641,18824.89024390244
7,2014,41,26,817982,19950.780487804877,41,23,708018,17268.731707317074,82,49,0.5975609756097561,1526000,18609.756097560974
7,2015,41,27,827702,20187.853658536584,41,23,723792,17653.463414634145,82,50,0.6097560975609756,1551494,18920.658536585364
7,2016,41,23,825901,20143.926829268294,41,19,726812,17727.121951219513,82,42,0.5121951219512195,1552713,18935.524390243903
7,2017,41,21,811366,19789.414634146342,41,12,718291,17519.29268292683,82,33,0.4024390243902439,1529657,18654.353658536584
7,2018,41,15,811453,19791.536585365855,41,9,712566,17379.658536585364,82,24,0.2926829268292683,1524019,18585.59756097561
7,2019,41,24,820569,20013.878048780487,41,9,741033,18073.975609756097,82,33,0.4024390243902439,1561602,19043.926829268294
7,2020,38,20,682096,20061.647058823528,37,23,602239,18249.666666666668,75,43,0.5733333333333334,1284335,17124.466666666667
7,2021,36,21,94849,3648.0384615384614,36,21,33993,2428.0714285714284,72,42,0.5833333333333334,128842,1789.4722222222222
7,2022,41,29,809315,19739.39024390244,41,23,700772,17092.0,82,52,0.6341463414634146,1510087,18415.69512195122
7,2023,41,23,827282,20177.60975609756,41,15,743677,18138.463414634145,82,38,0.4634146341463415,1570959,19158.036585365855
7,2024,39,23,788417,20215.82051282051,39,25,714215,18313.20512820513,78,48,0.6153846153846154,1502632,19264.51282051282
8,2005,41,31,723949,17657.29268292683,41,18,717775,17506.70731707317,82,49,0.5975609756097561,1441724,17582.0
8,2006,41,26,702555,17135.48780487805,41,18,723143,17637.634146341465,82,44,0.5365853658536586,1425698,17386.560975609755
8,2007,41,23,706437,17230.170731707316,41,22,744698,18163.365853658535,82,45,0.5487804878048781,1451135,17696.768292682926
8,2008,41,33,711962,17364.926829268294,41,17,742739,18115.585365853658,82,50,0.6097560975609756,1454701,17740.256097560974
8,2009,41,33,706165,17223.536585365855,41,21,706312,17227.121951219513,82,54,0.6585365853658537,1412477,17225.329268292684
8,2010,41,34,737301,17982.951219512193,41,19,715286,17446.0,82,53,0.6463414634146342,1452587,17714.475609756097
8,2011,41,33,696568,16989.463414634145,41,17,708687,17285.048780487807,82,50,0.6097560975609756,1405255,17137.256097560974
8,2012,33,20,561966,17029.272727272728,33,18,568546,17228.666666666668,66,38,0.5757575757575758,1130512,17128.969696969696
8,2013,41,38,730616,17819.90243902439,41,19,711476,17353.073170731706,82,57,0.6951219512195121,1442092,17586.48780487805
8,2014,41,22,692898,16899.951219512193,41,14,705675,17211.585365853658,82,36,0.43902439024390244,1398573,17055.768292682926
8,2015,41,19,602707,14700.170731707318,41,11,714593,17429.09756097561,82,30,0.36585365853658536,1317300,16064.634146341463
8,2016,41,18,577898,14095.073170731708,41,15,727810,17751.463414634145,82,33,0.4024390243902439,1305708,15923.268292682927
8,2017,41,22,605585,14770.365853658537,41,18,714236,17420.39024390244,82,40,0.4878048780487805,1319821,16095.378048780487
8,2018,41,31,702796,17141.365853658535,41,15,732712,17871.024390243903,82,46,0.5609756097560976,1435508,17506.19512195122
8,2019,41,34,756457,18450.170731707316,41,20,716467,17474.80487804878,82,54,0.6585365853658537,1472924,17962.48780487805
8,2020,37,26,633153,19186.454545454544,36,20,549221,17163.15625,73,46,0.6301369863013698,1182374,16196.90410958904
8,2021,36,25,54563,3897.3571428571427,36,22,42184,2636.5,72,47,0.6527777777777778,96747,1343.7083333333333
8,2022,41,23,695262,16957.60975609756,41,25,674599,16864.975,82,48,0.5853658536585366,1369861,16705.621951219513
8,2023,41,34,788635,19235.0,41,19,722748,17628.0,82,53,0.6463414634146342,1511383,18431.5
8,2024,39,31,767672,19683.897435897437,39,24,713348,18290.97435897436,78,55,0.7051282051282052,1481020,18987.4358974359
9,2005,41,32,905116,22076.0,41,22,732588,17868.0,82,54,0.6585365853658537,1637704,19972.0
9,2006,41,37,905116,22076.0,41,27,764126,18637.219512195123,82,64,0.7804878048780488,1669242,20356.60975609756
9,2007,41,26,905116,22076.0,41,27,738059,18001.439024390245,82,53,0.6463414634146342,1643175,20038.719512195123
9,2008,41,34,905116,22076.0,41,25,726310,17714.878048780487,82,59,0.7195121951219512,1631426,19895.439024390245
9,2009,41,21,896971,21877.341463414636,41,18,739010,18024.634146341465,82,39,0.47560975609756095,1635981,19950.98780487805
9,2010,41,17,768826,18751.853658536584,41,10,701290,17104.634146341465,82,27,0.32926829268292684,1470116,17928.243902439026
9,2011,41,21,683080,16660.48780487805,41,9,686024,16732.29268292683,82,30,0.36585365853658536,1369104,16696.39024390244
9,2012,33,18,475638,14413.272727272728,33,7,539318,16342.969696969696,66,25,0.3787878787878788,1014956,15378.121212121212
9,2013,41,18,606094,14782.780487804877,41,11,692318,16885.80487804878,82,29,0.35365853658536583,1298412,15834.292682926829
9,2014,41,17,616005,15024.512195121952,41,12,708505,17280.60975609756,82,29,0.35365853658536583,1324510,16152.560975609756
9,2015,41,18,625917,15266.268292682927,41,14,732519,17866.317073170732,82,32,0.3902439024390244,1358436,16566.29268292683
9,2016,41,26,677138,16515.560975609755,41,18,730383,17814.219512195123,82,44,0.5365853658536586,1407521,17164.89024390244
9,2017,41,24,655141,15979.048780487805,41,13,725680,17699.51219512195,82,37,0.45121951219512196,1380821,16839.280487804877
9,2018,41,25,713945,17413.29268292683,41,14,736330,17959.268292682926,82,39,0.47560975609756095,1450275,17686.280487804877
9,2019,41,26,675963,16486.90243902439,41,15,730583,17819.09756097561,82,41,0.5,1406546,17153.0
9,2020,33,11,509469,15438.454545454546,33,9,582158,17641.151515151516,66,20,0.30303030303030304,1091627,16539.803030303032
9,2021,36,13,14250,750.0,36,7,44198,3157.0,72,20,0.2777777777777778,58448,811.7777777777778
9,2022,41,13,663556,16184.292682926829,41,10,686867,16752.853658536584,82,23,0.2804878048780488,1350423,16468.573170731706
9,2023,41,9,759715,18529.634146341465,41,8,732509,17866.073170731706,82,17,0.2073170731707317,1492224,18197.853658536584
9,2024,38,7,690513,18171.394736842107,40,7,732607,18315.175,78,14,0.1794871794871795,1423120,18245.128205128207
10,2005,41,20,670368,16350.439024390244,41,14,685060,16708.780487804877,82,34,0.4146341463414634,1355428,16529.60975609756
10,2006,41,21,749185,18272.80487804878,41,13,687783,16775.19512195122,82,34,0.4146341463414634,1436968,17524.0
10,2007,41,30,742267,18104.073170731706,41,12,697510,17012.439024390245,82,42,0.5121951219512195,1439777,17558.256097560974
10,2008,41,27,804864,19630.829268292684,41,21,707485,17255.731707317074,82,48,0.5853658536585366,1512349,18443.280487804877
10,2009,41,21,776660,18942.926829268294,41,8,694656,16942.829268292684,82,29,0.35365853658536583,1471316,17942.878048780487
10,2010,41,18,739120,18027.317073170732,41,8,674196,16443.80487804878,82,26,0.3170731707317073,1413316,17235.560975609755
10,2011,41,26,766398,18692.634146341465,41,10,699038,17049.70731707317,82,36,0.43902439024390244,1465436,17871.170731707316
10,2012,33,12,622311,18857.909090909092,33,11,540044,16364.969696969696,66,23,0.3484848484848485,1162355,17611.439393939392
10,2013,41,28,794320,19373.658536585364,41,19,705369,17204.121951219513,82,47,0.573170731707317,1499689,18288.89024390244
10,2014,41,27,803436,19596.0,41,24,718576,17526.243902439026,82,51,0.6219512195121951,1522012,18561.121951219513
10,2015,41,39,803436,19596.0,41,28,750793,18312.024390243903,82,67,0.8170731707317073,1554229,18954.01219512195
10,2016,41,39,803436,19596.0,41,34,784499,19134.121951219513,82,73,0.8902439024390244,1587935,19365.060975609755
10,2017,41,36,803436,19596.0,41,31,779621,19015.146341463416,82,67,0.8170731707317073,1583057,19305.573170731706
10,2018,41,29,803436,19596.0,41,29,775248,18908.48780487805,82,58,0.7073170731707317,1578684,19252.243902439026
10,2019,41,30,803436,19596.0,41,27,770397,18790.170731707316,82,57,0.6951219512195121,1573833,19193.085365853658
10,2020,34,8,614176,18064.0,31,7,541077,17454.09677419355,65,15,0.23076923076923078,1155253,17773.123076923075
10,2021,36,25,33457,3717.4444444444443,36,14,46911,3127.4,72,39,0.5416666666666666,80368,1116.2222222222222
10,2022,41,31,740624,18064.0,41,22,740187,18053.341463414636,82,53,0.6463414634146342,1480811,18058.670731707316
10,2023,41,33,740624,18064.0,41,11,807969,19706.560975609755,82,44,0.5365853658536586,1548593,18885.280487804877
10,2024,39,20,704496,18064.0,39,24,732654,18786.0,78,44,0.5641025641025641,1437150,18425.0
11,2005,41,26,663444,16181.560975609756,41,25,745536,18183.80487804878,82,51,0.6219512195121951,1408980,17182.682926829268
11,2006,41,15,636110,15514.878048780487,41,19,719740,17554.634146341465,82,34,0.4146341463414634,1355850,16534.756097560974
11,2007,41,28,678362,16545.414634146342,41,24,745686,18187.463414634145,82,52,0.6341463414634146,1424048,17366.439024390245
11,2008,41,31,718524,17524.975609756097,41,24,718638,17527.756097560974,82,55,0.6707317073170732,1437162,17526.365853658535
11,2009,41,33,717669,17504.121951219513,41,20,721154,17589.121951219513,82,53,0.6463414634146342,1438823,17546.621951219513
11,2010,41,23,677658,16528.243902439026,41,19,681285,16616.70731707317,82,42,0.5121951219512195,1358943,16572.475609756097
11,2011,41,25,663839,16191.19512195122,41,18,695731,16969.048780487807,82,43,0.524390243902439,1359570,16580.121951219513
11,2012,33,22,506994,15363.454545454546,33,12,585198,17733.272727272728,66,34,0.5151515151515151,1092192,16548.363636363636
11,2013,41,29,683564,16672.29268292683,41,16,737281,17982.463414634145,82,45,0.5487804878048781,1420845,17327.378048780487
11,2014,41,33,743082,18123.951219512193,41,21,714540,17427.80487804878,82,54,0.6585365853658537,1457622,17775.878048780487
11,2015,41,30,747412,18229.560975609755,41,26,736761,17969.780487804877,82,56,0.6829268292682927,1484173,18099.670731707316
11,2016,41,23,737244,17981.560975609755,41,18,727368,17740.682926829268,82,41,0.5,1464612,17861.121951219513
11,2017,41,30,695903,16973.243902439026,41,25,743761,18140.51219512195,82,55,0.6707317073170732,1439664,17556.878048780487
11,2018,41,34,732722,17871.268292682926,41,31,753134,18369.121951219513,82,65,0.7926829268292683,1485856,18120.19512195122
11,2019,41,31,740392,18058.341463414636,41,22,734766,17921.121951219513,82,53,0.6463414634146342,1475158,17989.731707317074
11,2020,36,24,578458,18076.8125,36,20,578314,18072.3125,72,44,0.6111111111111112,1156772,16066.277777777777
11,2021,36,9,95018,3276.4827586206898,36,8,45950,3282.1428571428573,72,17,0.2361111111111111,140968,1957.888888888889
11,2022,41,11,638977,15584.80487804878,41,9,683872,16679.80487804878,82,20,0.24390243902439024,1322849,16132.30487804878
11,2023,41,14,668865,16313.780487804877,41,8,724777,17677.48780487805,82,22,0.2682926829268293,1393642,16995.634146341465
11,2024,39,25,685754,17583.4358974359,39,14,705525,18090.384615384617,78,39,0.5,1391279,17836.910256410258
12,2005,41,25,696764,16994.243902439026,41,19,692711,16895.39024390244,82,44,0.5365853658536586,1389475,16944.817073170732
12,2006,41,27,663368,16179.707317073171,41,14,722599,17624.365853658535,82,41,0.5,1385967,16902.036585365855
12,2007,41,22,629750,15359.756097560976,41,13,729904,17802.536585365855,82,35,0.4268292682926829,1359654,16581.146341463416
12,2008,41,21,501092,12221.756097560976,41,15,705922,17217.60975609756,82,36,0.43902439024390244,1207014,14719.682926829268
12,2009,41,25,581472,14182.243902439024,41,11,702311,17129.536585365855,82,36,0.43902439024390244,1283783,15655.890243902439
12,2010,41,23,582295,14202.317073170732,41,9,695164,16955.219512195123,82,32,0.3902439024390244,1277459,15578.768292682927
12,2011,41,24,555077,13538.463414634147,41,13,690605,16844.024390243903,82,37,0.45121951219512196,1245682,15191.243902439024
12,2012,33,23,467561,14168.515151515152,33,19,547701,16597.0,66,42,0.6363636363636364,1015262,15382.757575757576
12,2013,41,30,626069,15269.975609756097,40,19,682456,17061.4,81,49,0.6049382716049383,1308525,16154.62962962963
12,2014,41,35,717542,17501.024390243903,41,21,732759,17872.170731707316,82,56,0.6829268292682927,1450301,17686.59756097561
12,2015,41,23,691434,16864.243902439026,41,15,733593,17892.51219512195,82,38,0.4634146341463415,1425027,17378.378048780487
12,2016,41,26,690733,16847.146341463416,41,19,731930,17851.951219512193,82,45,0.5487804878048781,1422663,17349.548780487807
12,2017,41,29,684578,16697.024390243903,41,13,731786,17848.439024390245,82,42,0.5121951219512195,1416364,17272.731707317074
12,2018,41,27,658119,16051.682926829268,41,21,721324,17593.268292682926,82,48,0.5853658536585366,1379443,16822.475609756097
12,2019,41,29,689310,16812.439024390245,41,19,732774,17872.536585365855,82,48,0.5853658536585366,1422084,17342.48780487805
12,2020,36,25,529002,16531.3125,37,20,572962,17362.484848484848,73,45,0.6164383561643836,1101964,15095.397260273972
12,2021,36,13,0,0.0,36,21,44705,3193.214285714286,72,34,0.4722222222222222,44705,620.9027777777778
12,2022,41,16,588743,14359.585365853658,41,9,688576,16794.536585365855,82,25,0.3048780487804878,1277319,15577.060975609756
12,2023,41,20,641562,15647.853658536585,41,15,733937,17900.90243902439,82,35,0.4268292682926829,1375499,16774.378048780487
12,2024,38,23,626843,16495.86842105263,38,18,699825,18416.447368421053,76,41,0.5394736842105263,1326668,17456.157894736843
13,2005,41,27,696181,16980.024390243903,41,10,686139,16735.09756097561,82,37,0.45121951219512196,1382320,16857.560975609755
13,2006,41,27,712409,17375.829268292684,41,20,694715,16944.268292682926,82,47,0.573170731707317,1407124,17160.048780487807
13,2007,41,25,755261,18421.0,41,15,713650,17406.09756097561,82,40,0.4878048780487805,1468911,17913.548780487807
13,2008,41,13,692408,16888.0,41,10,681775,16628.658536585364,82,23,0.2804878048780488,1374183,16758.329268292684
13,2009,41,11,663587,16185.048780487805,41,8,705294,17202.29268292683,82,19,0.23170731707317074,1368881,16693.670731707316
13,2010,41,21,670063,16343.0,41,8,665261,16225.878048780487,82,29,0.35365853658536583,1335324,16284.439024390244
13,2011,41,23,727462,17742.975609756097,41,9,722179,17614.121951219513,82,32,0.3902439024390244,1449641,17678.548780487807
13,2012,33,24,634237,19219.303030303032,33,16,605309,18342.696969696968,66,40,0.6060606060606061,1239546,18781.0
13,2013,41,32,788293,19226.658536585364,41,24,730073,17806.658536585364,82,56,0.6829268292682927,1518366,18516.658536585364
13,2014,41,34,787692,19212.0,41,23,705964,17218.634146341465,82,57,0.6951219512195121,1493656,18215.317073170732
13,2015,41,30,785892,19168.09756097561,41,26,741245,18079.146341463416,82,56,0.6829268292682927,1527137,18623.621951219513
13,2016,41,29,786910,19192.926829268294,41,24,729503,17792.756097560974,82,53,0.6463414634146342,1516413,18492.841463414636
13,2017,41,29,782609,19088.024390243903,41,22,733478,17889.70731707317,82,51,0.6219512195121951,1516087,18488.865853658535
13,2018,41,22,697812,17019.80487804878,41,20,729030,17781.219512195123,82,42,0.5121951219512195,1426842,17400.51219512195
13,2019,41,26,710327,17325.048780487807,41,22,706573,17233.48780487805,82,48,0.5853658536585366,1416900,17279.268292682926
13,2020,36,27,610176,19068.0,36,22,571360,17855.0,72,49,0.6805555555555556,1181536,16410.222222222223
13,2021,36,26,13901,2316.8333333333335,36,21,56710,3150.5555555555557,72,47,0.6527777777777778,70611,980.7083333333334
13,2022,41,25,694005,16926.951219512193,41,17,676414,16910.35,82,42,0.5121951219512195,1370419,16712.426829268294
13,2023,41,23,720543,17574.219512195123,41,21,722652,17625.658536585364,82,44,0.5365853658536586,1443195,17599.939024390245
13,2024,39,24,738042,18924.153846153848,39,26,715650,18350.0,78,50,0.6410256410256411,1453692,18637.076923076922
14,2005,41,22,770494,18792.536585365855,41,12,771217,18810.170731707316,82,34,0.4146341463414634,1541711,18801.353658536584
14,2006,41,27,774189,18882.658536585364,41,18,771313,18812.51219512195,82,45,0.5487804878048781,1545502,18847.585365853658
14,2007,41,25,778415,18985.731707317074,41,17,775614,18917.414634146342,82,42,0.5121951219512195,1554029,18951.573170731706
14,2008,41,30,759880,18997.0,41,27,765522,18671.268292682926,82,57,0.6951219512195121,1525402,18602.463414634145
14,2009,41,36,778877,18997.0,41,29,788049,19220.70731707317,82,65,0.7926829268292683,1566926,19108.853658536584
14,2010,41,34,778877,18997.0,41,23,789354,19252.536585365855,82,57,0.6951219512195121,1568231,19124.768292682926
14,2011,41,30,778877,18997.0,41,27,782589,19087.536585365855,82,57,0.6951219512195121,1561466,19042.268292682926
14,2012,33,26,626901,18997.0,33,15,628128,19034.18181818182,66,41,0.6212121212121212,1255029,19015.590909090908
14,2013,41,29,778877,18997.0,41,16,773532,18866.634146341465,82,45,0.5487804878048781,1552409,18931.817073170732
14,2014,41,14,771974,18828.634146341465,41,13,731678,17845.80487804878,82,27,0.32926829268292684,1503652,18337.219512195123
14,2015,41,12,768244,18737.658536585364,41,9,732881,17875.146341463416,82,21,0.25609756097560976,1501125,18306.40243902439
14,2016,41,12,778877,18997.0,41,5,785143,19149.829268292684,82,17,0.2073170731707317,1564020,19073.414634146342
14,2017,41,17,776917,18949.19512195122,41,9,745860,18191.70731707317,82,26,0.3170731707317073,1522777,18570.451219512193
14,2018,41,20,776328,18934.829268292684,41,15,766568,18696.780487804877,82,35,0.4268292682926829,1542896,18815.80487804878
14,2019,41,22,778877,18997.0,41,15,773355,18862.317073170732,82,37,0.45121951219512196,1552232,18929.658536585364
14,2020,35,25,588907,18997.0,36,27,604072,18877.25,71,52,0.7323943661971831,1192979,16802.521126760563
14,2021,36,21,23313,2590.3333333333335,36,21,44723,3194.5,72,42,0.5833333333333334,68036,944.9444444444445
14,2022,41,21,764631,18649.536585365855,41,12,745376,18179.90243902439,82,33,0.4024390243902439,1510007,18414.719512195123
14,2023,41,23,763168,18613.853658536584,41,20,769874,18777.414634146342,82,43,0.524390243902439,1533042,18695.634146341465
14,2024,38,24,719837,18943.07894736842,38,17,711299,18718.394736842107,76,41,0.5394736842105263,1431136,18830.736842105263
15,2005,41,26,691362,16862.48780487805,41,19,681487,16621.634146341465,82,45,0.5487804878048781,1372849,16742.060975609755
15,2006,41,30,647533,15793.487804878048,41,19,705671,17211.48780487805,82,49,0.5975609756097561,1353204,16502.48780487805
15,2007,41,14,600836,14654.536585365853,41,8,710811,17336.853658536584,82,22,0.2682926829268293,1311647,15995.69512195122
15,2008,41,14,523578,12770.19512195122,41,8,696385,16985.0,82,22,0.2682926829268293,1219963,14877.59756097561
15,2009,41,16,519895,12680.365853658537,41,8,701143,17101.048780487807,82,24,0.2926829268292683,1221038,14890.707317073171
15,2010,41,23,552914,13485.707317073171,41,17,684350,16691.463414634145,82,40,0.4878048780487805,1237264,15088.585365853658
15,2011,41,30,600687,14650.90243902439,41,16,674096,16441.365853658535,82,46,0.5609756097560976,1274783,15546.134146341463
15,2012,33,26,518446,15710.484848484848,33,15,563271,17068.81818181818,66,41,0.6212121212121212,1081717,16389.651515151516
15,2013,41,32,681613,16624.70731707317,41,24,704988,17194.829268292684,82,56,0.6829268292682927,1386601,16909.768292682926
15,2014,41,27,685458,16718.48780487805,41,23,708043,17269.341463414636,82,50,0.6097560975609756,1393501,16993.914634146342
15,2015,41,31,710502,17329.317073170732,41,24,738717,18017.48780487805,82,55,0.6707317073170732,1449219,17673.40243902439
15,2016,41,26,701894,17119.365853658535,41,16,721186,17589.90243902439,82,42,0.5121951219512195,1423080,17354.634146341465
15,2017,41,24,677314,16519.853658536584,41,19,723881,17655.634146341465,82,43,0.524390243902439,1401195,17087.743902439026
15,2018,41,16,653863,15947.878048780487,41,6,711289,17348.51219512195,82,22,0.2682926829268293,1365152,16648.19512195122
15,2019,41,21,638332,15569.073170731708,41,12,720763,17579.585365853658,82,33,0.4024390243902439,1359095,16574.329268292684
15,2020,37,20,523297,15857.484848484848,36,14,561277,17539.90625,73,34,0.4657534246575342,1084574,14857.17808219178
15,2021,36,18,61039,2347.653846153846,36,20,56618,3145.4444444444443,72,38,0.5277777777777778,117657,1634.125
15,2022,41,30,646785,15775.243902439024,41,26,727354,17740.341463414636,82,56,0.6829268292682927,1374139,16757.79268292683
15,2023,41,35,707836,17264.29268292683,41,16,744666,18162.585365853658,82,51,0.6219512195121951,1452502,17713.439024390245
15,2024,39,9,647104,16592.410256410258,39,18,708450,18165.384615384617,78,27,0.34615384615384615,1355554,17378.897435897437
16,2005,41,35,815143,19881.536585365855,41,24,774551,18891.48780487805,82,59,0.7195121951219512,1589694,19386.51219512195
16,2006,41,31,818149,19954.853658536584,41,21,778532,18988.585365853658,82,52,0.6341463414634146,1596681,19471.719512195123
16,2007,41,27,808541,19720.51219512195,41,17,776748,18945.073170731706,82,44,0.5365853658536586,1585289,19332.79268292683
16,2008,41,9,798004,19463.51219512195,41,6,717647,17503.585365853658,82,15,0.18292682926829268,1515651,18483.548780487807
16,2009,41,28,748778,18262.878048780487,41,15,744174,18150.585365853658,82,43,0.524390243902439,1492952,18206.731707317074
16,2010,41,24,726935,17730.121951219513,41,23,739679,18040.951219512193,82,47,0.573170731707317,1466614,17885.536585365855
16,2011,41,30,810930,19778.780487804877,41,28,797331,19447.09756097561,82,58,0.7073170731707317,1608261,19612.939024390245
16,2012,33,28,657855,19935.0,33,18,640193,19399.78787878788,66,46,0.696969696969697,1298048,19667.39393939394
16,2013,41,37,819290,19982.682926829268,41,29,782729,19090.951219512193,82,66,0.8048780487804879,1602019,19536.817073170732
16,2014,41,32,811036,19781.365853658535,41,22,786823,19190.80487804878,82,54,0.6585365853658537,1597859,19486.085365853658
16,2015,41,20,808223,19712.756097560974,41,17,725839,17703.39024390244,82,37,0.45121951219512196,1534062,18708.073170731706
16,2016,41,28,809350,19740.243902439026,41,20,739821,18044.414634146342,82,48,0.5853658536585366,1549171,18892.329268292684
16,2017,41,23,805400,19643.90243902439,41,18,730566,17818.682926829268,82,41,0.5,1535966,18731.29268292683
16,2018,41,26,804850,19630.48780487805,41,18,745274,18177.414634146342,82,44,0.5365853658536586,1550124,18903.951219512193
16,2019,41,19,805264,19640.585365853658,41,20,745217,18176.024390243903,82,39,0.47560975609756095,1550481,18908.30487804878
16,2020,36,29,629771,19680.34375,37,15,598202,18127.333333333332,73,44,0.6027397260273972,1227973,16821.54794520548
16,2021,36,21,0,0.0,36,19,58783,3265.722222222222,72,40,0.5555555555555556,58783,816.4305555555555
16,2022,41,29,804761,19628.317073170732,41,24,691795,17294.875,82,53,0.6463414634146342,1496556,18250.682926829268
16,2023,41,27,807190,19687.560975609755,41,17,753129,18369.0,82,44,0.5365853658536586,1560319,19028.280487804877
16,2024,39,21,770392,19753.641025641027,39,23,718595,18425.51282051282,78,44,0.5641025641025641,1488987,19089.576923076922
17,2005,41,23,637009,15536.80487804878,41,7,682726,16651.853658536584,82,30,0.36585365853658536,1319735,16094.329268292682
17,2006,41,25,681337,16617.975609756097,41,15,701903,17119.585365853658,82,40,0.4878048780487805,1383240,16868.780487804877
17,2007,41,18,663629,16186.073170731708,41,10,711373,17350.560975609755,82,28,0.34146341463414637,1375002,16768.317073170732
17,2008,41,19,639421,15595.634146341463,41,7,686290,16738.780487804877,82,26,0.3170731707317073,1325711,16167.207317073171
17,2009,41,22,630976,15389.658536585366,41,12,694849,16947.536585365855,82,34,0.4146341463414634,1325825,16168.59756097561
17,2010,41,28,619453,15108.609756097561,41,18,689746,16823.073170731706,82,46,0.5609756097560976,1309199,15965.841463414634
17,2011,41,22,631912,15412.487804878048,41,13,693384,16911.80487804878,82,35,0.4268292682926829,1325296,16162.146341463415
17,2012,33,17,485717,14718.69696969697,33,14,549820,16661.21212121212,66,31,0.4696969696969697,1035537,15689.954545454546
17,2013,41,21,616469,15035.829268292682,41,17,693702,16919.560975609755,82,38,0.4634146341463415,1310171,15977.69512195122
17,2014,41,10,552067,13465.048780487805,41,5,697562,17013.70731707317,82,15,0.18292682926829268,1249629,15239.378048780487
17,2015,41,23,611226,14907.951219512195,41,18,725841,17703.439024390245,82,41,0.5,1337067,16305.69512195122
17,2016,41,23,621808,15166.048780487805,41,10,722548,17623.121951219513,82,33,0.4024390243902439,1344356,16394.585365853658
17,2017,41,23,648952,15828.09756097561,41,19,735056,17928.19512195122,82,42,0.5121951219512195,1384008,16878.146341463416
17,2018,41,25,685303,16714.70731707317,41,19,753614,18380.829268292684,82,44,0.5365853658536586,1438917,17547.768292682926
17,2019,41,33,721692,17602.243902439026,41,27,745607,18185.536585365855,82,60,0.7317073170731707,1467299,17893.89024390244
17,2020,35,30,549036,17710.83870967742,38,26,608353,17892.735294117647,73,56,0.7671232876712328,1157389,15854.643835616438
17,2021,36,26,64780,2591.2,36,20,41712,2979.4285714285716,72,46,0.6388888888888888,106492,1479.0555555555557
17,2022,41,27,715581,17453.19512195122,41,24,723931,17656.853658536584,82,51,0.6219512195121951,1439512,17555.024390243903
17,2023,41,32,718786,17531.365853658535,41,26,750138,18296.048780487807,82,58,0.7073170731707317,1468924,17913.70731707317
17,2024,38,28,671003,17657.973684210527,38,16,707617,18621.5,76,44,0.5789473684210527,1378620,18139.736842105263
18,2005,41,24,704438,17181.414634146342,41,20,732847,17874.317073170732,82,44,0.5365853658536586,1437285,17527.865853658535
18,2006,41,24,662167,16150.414634146342,41,9,714281,17421.48780487805,82,33,0.4024390243902439,1376448,16785.951219512193
18,2007,41,20,655947,15998.707317073171,41,12,733673,17894.463414634145,82,32,0.3902439024390244,1389620,16946.585365853658
18,2008,41,15,593537,14476.512195121952,41,7,688863,16801.536585365855,82,22,0.2682926829268293,1282400,15639.024390243903
18,2009,41,11,595013,14512.512195121952,41,13,690565,16843.048780487807,82,24,0.2926829268292683,1285578,15677.780487804877
18,2010,41,10,619170,15101.707317073171,41,5,660630,16112.926829268292,82,15,0.18292682926829268,1279800,15607.317073170732
18,2011,41,12,624960,15242.926829268292,41,5,692322,16885.90243902439,82,17,0.2073170731707317,1317282,16064.414634146342
18,2012,33,13,577197,17490.81818181818,33,13,538254,16310.727272727272,66,26,0.3939393939393939,1115451,16900.772727272728
18,2013,41,20,669956,16340.390243902439,41,11,698403,17034.219512195123,82,31,0.3780487804878049,1368359,16687.30487804878
18,2014,41,24,597157,14564.80487804878,41,16,721826,17605.51219512195,82,40,0.4878048780487805,1318983,16085.158536585366
18,2015,41,9,595652,14528.09756097561,41,7,738032,18000.780487804877,82,16,0.1951219512195122,1333684,16264.439024390244
18,2016,41,14,581178,14175.073170731708,41,15,731110,17831.951219512193,82,29,0.35365853658536583,1312288,16003.512195121952
18,2017,41,20,607203,14809.829268292682,41,11,742174,18101.80487804878,82,31,0.3780487804878049,1349377,16455.817073170732
18,2018,41,30,699308,17056.29268292683,41,17,731886,17850.878048780487,82,47,0.573170731707317,1431194,17453.585365853658
18,2019,41,25,627543,15305.926829268292,41,11,723553,17647.634146341465,82,36,0.43902439024390244,1351096,16476.780487804877
18,2020,32,8,482112,15066.0,32,11,558820,17463.125,64,19,0.296875,1040932,16264.5625
18,2021,36,13,15774,1577.4,36,10,32679,2513.769230769231,72,23,0.3194444444444444,48453,672.9583333333334
18,2022,41,26,657148,16028.0,41,20,689275,16811.585365853658,82,46,0.5609756097560976,1346423,16419.79268292683
18,2023,41,22,687510,16768.536585365855,41,20,717468,17499.219512195123,82,42,0.5121951219512195,1404978,17133.878048780487
18,2024,39,29,702936,18024.0,39,24,709190,18184.358974358973,78,53,0.6794871794871795,1412126,18104.17948717949
19,2005,41,24,618681,15089.780487804877,41,18,681623,16624.951219512193,82,42,0.5121951219512195,1300304,15857.365853658537
19,2006,41,29,691543,16866.90243902439,41,20,726150,17710.975609756097,82,49,0.5975609756097561,1417693,17288.939024390245
19,2007,41,24,693955,16925.731707317074,41,17,732697,17870.658536585364,82,41,0.5,1426652,17398.19512195122
19,2008,41,21,641921,15656.609756097561,41,13,722027,17610.414634146342,82,34,0.4146341463414634,1363948,16633.51219512195
19,2009,41,19,621062,15147.853658536585,41,15,721059,17586.80487804878,82,34,0.4146341463414634,1342121,16367.329268292682
19,2010,41,8,537230,13103.170731707318,41,4,674292,16446.146341463416,82,12,0.14634146341463414,1211522,14774.658536585366
19,2011,41,19,581378,14179.951219512195,41,5,701058,17098.975609756097,82,24,0.2926829268292683,1282436,15639.463414634147
19,2012,33,9,460719,13961.181818181818,33,13,563677,17081.121212121212,66,22,0.3333333333333333,1024396,15521.151515151516
19,2013,41,26,704702,17187.853658536584,41,23,706824,17239.60975609756,82,49,0.5975609756097561,1411526,17213.731707317074
19,2014,41,28,707331,17251.975609756097,41,16,718662,17528.341463414636,82,44,0.5365853658536586,1425993,17390.158536585364
19,2015,41,19,698529,17037.29268292683,41,19,739614,18039.365853658535,82,38,0.4634146341463415,1438143,17538.329268292684
19,2016,41,14,620142,15125.414634146342,41,7,742352,18106.146341463416,82,21,0.25609756097560976,1362494,16615.780487804877
19,2017,41,13,632608,15429.463414634147,41,7,727958,17755.073170731706,82,20,0.24390243902439024,1360566,16592.268292682926
19,2018,41,15,640010,15610.0,41,13,725099,17685.341463414636,82,28,0.34146341463414637,1365109,16647.670731707316
19,2019,41,23,612597,14941.390243902439,41,19,741515,18085.731707317074,82,42,0.5121951219512195,1354112,16513.560975609755
19,2020,36,20,524907,16403.34375,36,15,573149,17910.90625,72,35,0.4861111111111111,1098056,15250.777777777777
19,2021,36,28,30491,1524.55,36,20,44199,3399.923076923077,72,48,0.6666666666666666,74690,1037.361111111111
19,2022,41,20,711539,17354.60975609756,41,24,715726,17456.731707317074,82,44,0.5365853658536586,1427265,17405.670731707316
19,2023,41,23,724439,17669.243902439026,41,22,750800,18312.19512195122,82,45,0.5487804878048781,1475239,17990.719512195123
19,2024,39,18,687086,17617.589743589742,39,11,704633,18067.51282051282,78,29,0.3717948717948718,1391719,17842.55128205128
20,2005,41,22,800144,19515.70731707317,41,11,719159,17540.463414634145,82,33,0.4024390243902439,1519303,18528.085365853658
20,2006,41,15,776176,18931.121951219513,41,8,720459,17572.170731707316,82,23,0.2804878048780488,1496635,18251.646341463416
20,2007,41,19,770617,18795.536585365855,41,14,737361,17984.414634146342,82,33,0.4024390243902439,1507978,18389.975609756097
20,2008,41,15,783739,19115.585365853658,41,8,714605,17429.39024390244,82,23,0.2804878048780488,1498344,18272.48780487805
20,2009,41,20,790801,19287.829268292684,41,12,729946,17803.560975609755,82,32,0.3902439024390244,1520747,18545.69512195122
20,2010,41,18,799550,19501.219512195123,41,11,709937,17315.536585365855,82,29,0.35365853658536583,1509487,18408.378048780487
20,2011,41,23,808879,19728.756097560974,41,19,739822,18044.439024390245,82,42,0.5121951219512195,1548701,18886.59756097561
20,2012,33,22,652179,19763.0,33,14,607438,18407.21212121212,66,36,0.5454545454545454,1259617,19085.10606060606
20,2013,41,31,780353,19033.0,41,23,749124,18271.317073170732,82,54,0.6585365853658537,1529477,18652.158536585364
20,2014,41,19,812292,19812.0,41,18,714321,17422.463414634145,82,37,0.45121951219512196,1526613,18617.231707317074
20,2015,41,10,812292,19812.0,41,7,715966,17462.585365853658,82,17,0.2073170731707317,1528258,18637.29268292683
20,2016,41,18,812292,19812.0,41,14,756070,18440.731707317074,82,32,0.3902439024390244,1568362,19126.365853658535
20,2017,41,19,810741,19774.170731707316,41,12,714466,17861.65,82,31,0.3780487804878049,1525207,18600.085365853658
20,2018,41,19,792608,19331.90243902439,41,10,745965,18194.268292682926,82,29,0.35365853658536583,1538573,18763.085365853658
20,2019,41,9,779087,19002.121951219513,41,8,720226,17566.48780487805,82,17,0.2073170731707317,1499313,18284.30487804878
20,2020,33,11,620789,18811.78787878788,33,10,586328,17767.515151515152,66,21,0.3181818181818182,1207117,18289.651515151516
20,2021,36,25,42131,1915.0454545454545,36,16,53185,3128.529411764706,72,41,0.5694444444444444,95316,1323.8333333333333
20,2022,41,17,763484,18621.560975609755,41,20,708915,17722.875,82,37,0.45121951219512196,1472399,17956.085365853658
20,2023,41,23,795110,19392.926829268294,41,24,757168,18467.51219512195,82,47,0.573170731707317,1552278,18930.219512195123
20,2024,39,25,769962,19742.615384615383,38,22,711373,18720.342105263157,77,47,0.6103896103896104,1481335,19238.116883116883
21,2005,41,26,675490,16475.365853658535,41,26,698216,17029.658536585364,82,52,0.6341463414634146,1373706,16752.51219512195
21,2006,41,22,664157,16198.951219512195,41,13,704998,17195.073170731706,82,35,0.4268292682926829,1369155,16697.01219512195
21,2007,41,20,654163,15955.19512195122,41,11,714864,17435.70731707317,82,31,0.3780487804878049,1369027,16695.451219512193
21,2008,41,13,547556,13355.024390243903,41,7,703518,17158.975609756097,82,20,0.24390243902439024,1251074,15257.0
21,2009,41,15,766868,18704.09756097561,41,8,683862,16679.560975609755,82,23,0.2804878048780488,1450730,17691.829268292684
21,2010,41,27,738149,18003.634146341465,41,23,691951,16876.853658536584,82,50,0.6097560975609756,1430100,17440.243902439026
21,2011,41,30,744068,18148.0,41,25,728751,17774.414634146342,82,55,0.6707317073170732,1472819,17961.20731707317
21,2012,33,26,600699,18203.0,33,21,595053,18031.909090909092,66,47,0.7121212121212122,1195752,18117.454545454544
21,2013,41,34,746323,18203.0,41,26,751775,18335.975609756097,82,60,0.7317073170731707,1498098,18269.48780487805
21,2014,41,34,746323,18203.0,41,25,744987,18170.414634146342,82,59,0.7195121951219512,1491310,18186.70731707317
21,2015,41,29,746323,18203.0,41,16,736220,17956.585365853658,82,45,0.5487804878048781,1482543,18079.79268292683
21,2016,41,32,746323,18203.0,41,23,748617,18258.951219512193,82,55,0.6707317073170732,1494940,18230.975609756097
21,2017,41,28,746323,18203.0,41,19,753331,18373.926829268294,82,47,0.573170731707317,1499654,18288.463414634145
21,2018,41,27,746322,18202.975609756097,41,21,773542,18866.878048780487,82,48,0.5853658536585366,1519864,18534.926829268294
21,2019,41,27,746323,18203.0,41,22,732517,17866.268292682926,82,49,0.5975609756097561,1478840,18034.634146341465
21,2020,37,23,600699,18203.0,35,21,553520,17855.483870967742,72,44,0.6111111111111112,1154219,16030.819444444445
21,2021,36,10,0,0.0,36,12,37782,2906.3076923076924,72,22,0.3055555555555556,37782,524.75
21,2022,41,12,610829,14898.268292682927,41,12,682160,16638.048780487807,82,24,0.2926829268292683,1292989,15768.158536585366
21,2023,41,24,636903,15534.219512195123,41,16,737091,17977.829268292684,82,40,0.4878048780487805,1373994,16756.024390243903
21,2024,39,32,680479,17448.17948717949,39,24,718458,18422.0,78,56,0.717948717948718,1398937,17935.089743589742
22,2005,41,24,597942,14583.951219512195,41,12,717914,17510.09756097561,82,36,0.43902439024390244,1315856,16047.024390243903
22,2006,41,26,638005,15561.09756097561,41,10,700453,17084.219512195123,82,36,0.43902439024390244,1338458,16322.658536585366
22,2007,41,25,700887,17094.80487804878,41,15,716307,17470.90243902439,82,40,0.4878048780487805,1417194,17282.853658536584
22,2008,41,25,709346,17301.121951219513,41,27,719161,17540.51219512195,82,52,0.6341463414634146,1428507,17420.817073170732
22,2009,41,32,698768,17043.121951219513,41,27,734416,17912.585365853658,82,59,0.7195121951219512,1433184,17477.853658536584
22,2010,41,34,715901,17461.0,41,25,728392,17765.658536585364,82,59,0.7195121951219512,1444293,17613.329268292684
22,2011,41,29,777852,18972.0,41,23,714556,17428.19512195122,82,52,0.6341463414634146,1492408,18200.09756097561
22,2012,33,21,623587,18896.575757575756,33,16,566326,17161.39393939394,66,37,0.5606060606060606,1189913,18028.984848484848
22,2013,41,12,722716,17627.219512195123,41,8,689682,16821.51219512195,82,20,0.24390243902439024,1412398,17224.365853658535
22,2014,41,19,666046,16245.024390243903,41,4,679941,16583.926829268294,82,23,0.2804878048780488,1345987,16414.475609756097
22,2015,41,13,688194,16785.219512195123,41,12,721024,17585.951219512193,82,25,0.3048780487804878,1409218,17185.585365853658
22,2016,41,23,719275,17543.29268292683,41,12,704188,17175.317073170732,82,35,0.4268292682926829,1423463,17359.30487804878
22,2017,41,16,727875,17753.048780487807,41,13,710690,17333.90243902439,82,29,0.35365853658536583,1438565,17543.475609756097
22,2018,41,17,734531,17915.39024390244,41,8,723704,17651.317073170732,82,25,0.3048780487804878,1458235,17783.353658536584
22,2019,41,25,720024,17561.560975609755,41,17,724048,17659.70731707317,82,42,0.5121951219512195,1444072,17610.634146341465
22,2020,35,18,529870,17092.58064516129,38,15,586273,17243.323529411766,73,33,0.4520547945205479,1116143,15289.630136986301
22,2021,36,11,108301,3734.5172413793102,36,10,50150,3134.375,72,21,0.2916666666666667,158451,2200.7083333333335
22,2022,41,12,622881,15192.219512195123,41,10,699570,17062.682926829268,82,22,0.2682926829268293,1322451,16127.451219512195
22,2023,41,20,728405,17765.975609756097,41,14,720541,18013.525,82,34,0.4146341463414634,1448946,17670.073170731706
22,2024,39,27,736247,18878.128205128207,39,17,704735,18070.128205128207,78,44,0.5641025641025641,1440982,18474.128205128207
23,2005,41,25,732686,17870.39024390244,41,18,735285,17933.780487804877,82,43,0.524390243902439,1467971,17902.085365853658
23,2006,41,23,677278,16518.975609756097,41,15,763709,18627.048780487807,82,38,0.4634146341463415,1440987,17573.01219512195
23,2007,41,21,608603,14843.975609756097,41,14,731840,17849.756097560974,82,35,0.4268292682926829,1340443,16346.865853658537
23,2008,41,22,609675,14870.121951219513,41,18,706506,17231.853658536584,82,40,0.4878048780487805,1316181,16050.987804878048
23,2009,41,24,647898,15802.390243902439,41,17,710831,17337.341463414636,82,41,0.5,1358729,16569.865853658535
23,2010,41,12,583219,14224.853658536585,41,15,692450,16889.024390243903,82,27,0.32926829268292684,1275669,15556.939024390244
23,2011,41,26,604823,14751.780487804877,41,15,703394,17155.951219512193,82,41,0.5,1308217,15953.865853658537
23,2012,33,19,577597,17502.939393939392,33,16,553235,16764.696969696968,66,35,0.5303030303030303,1130832,17133.81818181818
23,2013,41,23,685412,16717.365853658535,41,11,710251,17323.19512195122,82,34,0.4146341463414634,1395663,17020.280487804877
23,2014,41,10,568632,13869.073170731708,41,9,715093,17441.29268292683,82,19,0.23170731707317074,1283725,15655.182926829268
23,2015,41,12,571572,13940.780487804877,41,6,724272,17665.170731707316,82,18,0.21951219512195122,1295844,15802.975609756097
23,2016,41,7,610121,14881.0,41,3,717170,17491.951219512193,82,10,0.12195121951219512,1327291,16186.475609756097
23,2017,41,17,710557,17330.658536585364,41,11,705569,17209.0,82,28,0.34146341463414637,1416126,17269.829268292684
23,2018,41,30,833503,20329.341463414636,41,22,737197,17980.414634146342,82,52,0.6341463414634146,1570700,19154.878048780487
23,2019,41,31,838342,20447.365853658535,41,20,733699,17895.09756097561,82,51,0.6219512195121951,1572041,19171.231707317074
23,2020,35,31,639491,20628.74193548387,38,12,603996,17764.58823529412,73,43,0.589041095890411,1243487,17034.068493150684
23,2021,36,29,68583,4034.294117647059,36,20,39344,3278.6666666666665,72,49,0.6805555555555556,107927,1498.986111111111
23,2022,41,24,846867,20655.29268292683,41,27,680178,16589.70731707317,82,51,0.6219512195121951,1527045,18622.5
23,2023,41,29,839261,20469.780487804877,41,25,734346,17910.878048780487,82,54,0.6585365853658537,1573607,19190.329268292684
23,2024,39,25,781375,20035.25641025641,39,20,718254,18416.76923076923,78,45,0.5769230769230769,1499629,19226.01282051282
24,2005,41,31,726066,17708.926829268294,41,31,720410,17570.975609756097,82,62,0.7560975609756098,1446476,17639.951219512193
24,2006,41,31,730179,17809.243902439026,41,23,725482,17694.682926829268,82,54,0.6585365853658537,1455661,17751.963414634145
24,2007,41,33,755302,18422.0,41,28,760182,18541.024390243903,82,61,0.7439024390243902,1515484,18481.51219512195
24,2008,41,30,755302,18422.0,41,25,739907,18046.51219512195,82,55,0.6707317073170732,1495209,18234.256097560974
24,2009,41,28,755302,18422.0,41,18,743012,18122.243902439026,82,46,0.5609756097560976,1498314,18272.121951219513
24,2010,41,32,723582,17648.341463414636,41,22,712398,17375.560975609755,82,54,0.6585365853658537,1435980,17511.951219512193
24,2011,41,23,720249,17567.048780487807,41,17,715961,17462.463414634145,82,40,0.4878048780487805,1436210,17514.756097560974
24,2012,33,19,514718,15597.515151515152,33,14,587617,17806.575757575756,66,33,0.5,1102335,16702.045454545456
24,2013,41,17,632913,15436.90243902439,41,8,703236,17152.09756097561,82,25,0.3048780487804878,1336149,16294.5
24,2014,41,26,650739,15871.682926829268,41,22,707251,17250.024390243903,82,48,0.5853658536585366,1357990,16560.853658536584
24,2015,41,22,693862,16923.463414634145,41,17,721033,17586.170731707316,82,39,0.47560975609756095,1414895,17254.817073170732
24,2016,41,14,701405,17107.439024390245,41,9,709412,17302.731707317074,82,23,0.2804878048780488,1410817,17205.085365853658
24,2017,41,15,708639,17283.878048780487,41,9,722367,17618.70731707317,82,24,0.2926829268292683,1431006,17451.29268292683
24,2018,41,10,690576,16843.317073170732,41,11,722045,17610.853658536584,82,21,0.25609756097560976,1412621,17227.085365853658
24,2019,41,12,627023,15293.243902439024,41,7,737301,17982.951219512193,82,19,0.23170731707317074,1364324,16638.09756097561
24,2020,39,17,551633,15760.942857142858,34,17,529818,17660.6,73,34,0.4657534246575342,1081451,14814.397260273972
24,2021,36,27,104027,3852.8518518518517,36,24,53872,3168.9411764705883,72,51,0.7083333333333334,157899,2193.0416666666665
24,2022,41,32,679252,16567.121951219513,41,32,696126,17403.15,82,64,0.7804878048780488,1375378,16772.90243902439
24,2023,41,28,699911,17071.0,41,17,750057,18294.073170731706,82,45,0.5487804878048781,1449968,17682.536585365855
24,2024,39,24,665769,17071.0,38,22,707209,18610.763157894737,77,46,0.5974025974025974,1372978,17830.883116883117
25,2005,41,17,680374,16594.48780487805,41,9,683013,16658.853658536584,82,26,0.3170731707317073,1363387,16626.670731707316
25,2006,41,15,617019,15049.243902439024,41,6,702942,17144.926829268294,82,21,0.25609756097560976,1319961,16097.085365853658
25,2007,41,18,670778,16360.439024390244,41,14,719878,17558.0,82,32,0.3902439024390244,1390656,16959.219512195123
25,2008,41,28,801566,19550.39024390244,41,13,684703,16700.073170731706,82,41,0.5,1486269,18125.231707317074
25,2009,41,34,841499,20524.365853658535,41,20,696795,16995.0,82,54,0.6585365853658537,1538294,18759.682926829268
25,2010,41,26,840371,20496.853658536584,41,24,678389,16546.073170731706,82,50,0.6097560975609756,1518760,18521.463414634145
25,2011,41,30,840924,20510.341463414636,41,18,669689,16333.878048780487,82,48,0.5853658536585366,1510613,18422.10975609756
25,2012,33,20,676384,20496.484848484848,33,8,566427,17164.454545454544,66,28,0.42424242424242425,1242811,18830.469696969696
25,2013,41,22,813012,19829.560975609755,41,11,685844,16727.90243902439,82,33,0.4024390243902439,1498856,18278.731707317074
25,2014,41,31,809612,19746.634146341465,41,23,709822,17312.731707317074,82,54,0.6585365853658537,1519434,18529.682926829268
25,2015,41,32,801377,19545.780487804877,41,19,723952,17657.365853658535,82,51,0.6219512195121951,1525329,18601.573170731706
25,2016,41,28,794085,19367.926829268294,41,16,725852,17703.70731707317,82,44,0.5365853658536586,1519937,18535.817073170732
25,2017,41,25,792029,19317.780487804877,41,16,719788,17555.80487804878,82,41,0.5,1511817,18436.79268292683
25,2018,41,28,795750,19408.536585365855,41,21,719823,17556.658536585364,82,49,0.5975609756097561,1515573,18482.59756097561
25,2019,41,32,799345,19496.219512195123,41,21,735976,17950.634146341465,82,53,0.6463414634146342,1535321,18723.426829268294
25,2020,36,21,628303,19634.46875,38,14,610016,17941.647058823528,74,35,0.47297297297297297,1238319,16734.04054054054
25,2021,36,20,7756,1939.0,36,22,58149,3634.3125,72,42,0.5833333333333334,65905,915.3472222222222
25,2022,41,17,705608,17209.951219512193,41,10,662399,16559.975,82,27,0.32926829268292684,1368007,16683.01219512195
25,2023,41,17,767374,18716.439024390245,41,16,711461,17786.525,82,33,0.4024390243902439,1478835,18034.573170731706
25,2024,39,10,714233,18313.666666666668,39,10,702199,18005.102564102563,78,20,0.2564102564102564,1416432,18159.384615384617
26,2005,41,30,709997,17317.0,41,20,725815,17702.80487804878,82,50,0.6097560975609756,1435812,17509.90243902439
26,2006,41,27,709997,17317.0,41,17,701173,17101.780487804877,82,44,0.5365853658536586,1411170,17209.39024390244
26,2007,41,20,709997,17317.0,41,13,708602,17282.975609756097,82,33,0.4024390243902439,1418599,17299.98780487805
26,2008,41,26,580181,14150.756097560976,41,12,705597,17209.682926829268,82,38,0.4634146341463415,1285778,15680.219512195123
26,2009,41,11,520169,12687.048780487805,41,6,706339,17227.780487804877,82,17,0.2073170731707317,1226508,14957.414634146342
26,2010,41,18,543416,13254.048780487805,41,7,695915,16973.536585365855,82,25,0.3048780487804878,1239331,15113.792682926829
26,2011,41,11,569496,13890.146341463415,41,13,713432,17400.780487804877,82,24,0.2926829268292683,1282928,15645.463414634147
26,2012,33,16,478764,14508.0,33,6,557893,16905.848484848484,66,22,0.3333333333333333,1036657,15706.924242424242
26,2013,41,20,563743,13749.829268292682,41,8,709534,17305.70731707317,82,28,0.34146341463414637,1273277,15527.768292682927
26,2014,41,17,667949,16291.439024390244,41,11,691240,16859.51219512195,82,28,0.34146341463414637,1359189,16575.475609756097
26,2015,41,18,680049,16586.560975609755,41,11,718130,17515.365853658535,82,29,0.35365853658536583,1398179,17050.963414634145
26,2016,41,18,707526,17256.731707317074,41,15,711569,17355.341463414636,82,33,0.4024390243902439,1419095,17306.036585365855
26,2017,41,17,721928,17608.0,41,15,717065,17489.39024390244,82,32,0.3902439024390244,1438993,17548.69512195122
26,2018,41,14,714680,17431.219512195123,41,13,716618,17478.48780487805,82,27,0.32926829268292684,1431298,17454.853658536584
26,2019,41,24,700975,17096.951219512193,41,15,705164,17199.121951219513,82,39,0.47560975609756095,1406139,17148.036585365855
26,2020,35,16,520663,16795.58064516129,37,15,585417,17739.909090909092,72,31,0.4305555555555556,1106080,15362.222222222223
26,2021,36,16,0,0.0,36,15,62850,2992.8571428571427,72,31,0.4305555555555556,62850,872.9166666666666
26,2022,41,16,590063,14391.780487804877,41,14,680558,16598.975609756097,82,30,0.36585365853658536,1270621,15495.378048780487
26,2023,41,23,715491,17451.0,41,25,718899,17534.121951219513,82,48,0.5853658536585366,1434390,17492.560975609755
26,2024,38,22,680831,17916.605263157893,39,20,698405,17907.82051282051,77,42,0.5454545454545454,1379236,17912.155844155845
27,2005,41,38,750970,18316.341463414636,41,21,714207,17419.682926829268,82,59,0.7195121951219512,1465177,17868.01219512195
27,2006,41,34,770677,18797.0,41,29,753435,18376.463414634145,82,63,0.7682926829268293,1524112,18586.731707317074
27,2007,41,31,764823,18654.219512195123,41,27,716034,17464.243902439026,82,58,0.7073170731707317,1480857,18059.231707317074
27,2008,41,34,761149,18564.60975609756,41,22,736135,17954.51219512195,82,56,0.6829268292682927,1497284,18259.560975609755
27,2009,41,28,749048,18269.463414634145,41,26,724187,17663.09756097561,82,54,0.6585365853658537,1473235,17966.280487804877
27,2010,41,29,741676,18089.658536585364,41,21,726002,17707.365853658535,82,50,0.6097560975609756,1467678,17898.51219512195
27,2011,41,36,750879,18314.121951219513,41,25,712972,17389.560975609755,82,61,0.7439024390243902,1463851,17851.841463414636
27,2012,33,28,607095,18396.81818181818,33,22,560696,16990.78787878788,66,50,0.7575757575757576,1167791,17693.803030303032
27,2013,41,35,755700,18431.70731707317,41,23,708920,17290.731707317074,82,58,0.7073170731707317,1464620,17861.219512195123
27,2014,41,32,755031,18415.39024390244,41,30,721842,17605.90243902439,82,62,0.7560975609756098,1476873,18010.646341463416
27,2015,41,33,762855,18606.219512195123,41,22,736866,17972.341463414636,82,55,0.6707317073170732,1499721,18289.280487804877
27,2016,41,40,756445,18449.878048780487,41,27,735470,17938.29268292683,82,67,0.8170731707317073,1491915,18194.085365853658
27,2017,41,31,755347,18423.09756097561,41,30,743388,18131.414634146342,82,61,0.7439024390243902,1498735,18277.256097560974
27,2018,41,33,754562,18403.951219512193,41,14,755528,18427.51219512195,82,47,0.573170731707317,1510090,18415.731707317074
27,2019,41,32,750616,18307.70731707317,41,16,712647,17381.634146341465,82,48,0.5853658536585366,1463263,17844.670731707316
27,2020,34,19,550515,18350.5,37,13,580417,17588.39393939394,71,32,0.4507042253521127,1130932,15928.61971830986
27,2021,36,14,61053,3391.8333333333335,36,19,62652,3297.4736842105262,72,33,0.4583333333333333,123705,1718.125
27,2022,41,16,615588,15014.341463414634,41,18,677597,16939.925,82,34,0.4146341463414634,1293185,15770.548780487805
27,2023,41,14,694434,16937.414634146342,41,8,723645,17649.878048780487,82,22,0.2682926829268293,1418079,17293.646341463416
27,2024,39,12,705814,18097.79487179487,39,10,717564,18399.076923076922,78,22,0.28205128205128205,1423378,18248.4358974359
28,2005,41,22,703388,17155.80487804878,41,12,683787,16677.731707317074,82,34,0.4146341463414634,1387175,16916.768292682926
28,2006,41,15,699332,17056.878048780487,41,12,680432,16595.90243902439,82,27,0.32926829268292684,1379764,16826.39024390244
28,2007,41,30,748603,18258.60975609756,41,17,711230,17347.073170731706,82,47,0.573170731707317,1459833,17802.841463414636
28,2008,41,25,796835,19435.0,41,16,682791,16653.439024390245,82,41,0.5,1479626,18044.219512195123
28,2009,41,18,769707,18773.341463414636,41,15,688203,16785.439024390245,82,33,0.4024390243902439,1457910,17779.39024390244
28,2010,41,25,733784,17897.170731707316,41,15,675133,16466.658536585364,82,40,0.4878048780487805,1408917,17181.914634146342
28,2011,41,16,680255,16591.585365853658,41,6,691090,16855.853658536584,82,22,0.2682926829268293,1371345,16723.719512195123
28,2012,33,13,555584,16835.878787878788,33,10,552167,16732.333333333332,66,23,0.3484848484848485,1107751,16784.10606060606
28,2013,41,21,743936,18144.780487804877,41,13,668870,16313.90243902439,82,34,0.4146341463414634,1412806,17229.341463414636
28,2014,41,26,748339,18252.170731707316,41,22,684820,16702.926829268294,82,48,0.5853658536585366,1433159,17477.548780487807
28,2015,41,27,809824,19751.80487804878,41,22,718430,17522.682926829268,82,49,0.5975609756097561,1528254,18637.243902439026
28,2016,41,32,812863,19825.926829268294,41,24,703668,17162.634146341465,82,56,0.6829268292682927,1516531,18494.280487804877
28,2017,41,28,813050,19830.48780487805,41,23,734953,17925.682926829268,82,51,0.6219512195121951,1548003,18878.085365853658
28,2018,41,34,813431,19839.780487804877,41,25,724603,17673.243902439026,82,59,0.7195121951219512,1538034,18756.51219512195
28,2019,41,32,812822,19824.926829268294,41,26,747839,18239.975609756097,82,58,0.7073170731707317,1560661,19032.451219512193
28,2020,36,26,612669,19763.516129032258,36,27,569250,17789.0625,72,53,0.7361111111111112,1181919,16415.541666666668
28,2021,36,16,15035,1879.375,36,11,44270,2459.4444444444443,72,27,0.375,59305,823.6805555555555
28,2022,41,24,547343,18873.896551724138,41,24,706580,17233.658536585364,82,48,0.5853658536585366,1253923,15291.743902439024
28,2023,41,27,811261,19786.853658536584,41,14,727994,17755.951219512193,82,41,0.5,1539255,18771.40243902439
28,2024,39,13,760529,19500.74358974359,39,11,703053,18027.0,78,24,0.3076923076923077,1463582,18763.871794871793
29,2005,41,18,769014,18756.439024390245,41,8,693864,16923.51219512195,82,26,0.3170731707317073,1462878,17839.975609756097
29,2006,41,22,751621,18332.219512195123,41,19,698968,17048.0,82,41,0.5,1450589,17690.10975609756
29,2007,41,31,802214,19566.19512195122,41,20,717558,17501.414634146342,82,51,0.6219512195121951,1519772,18533.80487804878
29,2008,41,37,816211,19907.585365853658,41,17,705851,17215.878048780487,82,54,0.6585365853658537,1522062,18561.731707317074
29,2009,41,33,816042,19903.463414634145,41,15,698838,17044.829268292684,82,48,0.5853658536585366,1514880,18474.146341463416
29,2010,41,32,794512,19378.341463414636,41,21,700928,17095.80487804878,82,53,0.6463414634146342,1495440,18237.073170731706
29,2011,41,21,799982,19511.756097560974,41,18,710583,17331.29268292683,82,39,0.47560975609756095,1510565,18421.524390243903
29,2012,33,25,637124,19306.78787878788,33,11,558871,16935.484848484848,66,36,0.5454545454545454,1195995,18121.136363636364
29,2013,41,30,763915,18632.073170731706,41,13,687533,16769.09756097561,82,43,0.524390243902439,1451448,17700.585365853658
29,2014,41,16,745203,18175.682926829268,41,9,709135,17295.975609756097,82,25,0.3048780487804878,1454338,17735.829268292684
29,2015,41,21,772059,18830.70731707317,41,17,702545,17135.243902439026,82,38,0.4634146341463415,1474604,17982.975609756097
29,2016,41,24,791489,19304.60975609756,41,16,712518,17378.48780487805,82,40,0.4878048780487805,1504007,18341.548780487807
29,2017,41,29,806142,19662.0,41,22,705701,17212.219512195123,82,51,0.6219512195121951,1511843,18437.10975609756
29,2018,41,28,734806,17922.09756097561,41,20,717311,17495.39024390244,82,48,0.5853658536585366,1452117,17708.743902439026
29,2019,41,29,750546,18306.0,41,21,718204,17517.170731707316,82,50,0.6097560975609756,1468750,17911.585365853658
29,2020,35,23,567486,18306.0,37,21,569625,17261.363636363636,72,44,0.6111111111111112,1137111,15793.208333333334
29,2021,36,31,137776,5102.814814814815,36,21,38418,3201.5,72,52,0.7222222222222222,176194,2447.1388888888887
29,2022,41,29,750546,18306.0,41,20,675938,16898.45,82,49,0.5975609756097561,1426484,17396.146341463416
29,2023,41,23,728240,18206.0,41,14,733128,17881.170731707316,82,37,0.45121951219512196,1461368,17821.560975609755
29,2024,39,20,710034,18206.0,39,9,701471,17986.4358974359,78,29,0.3717948717948718,1411505,18096.21794871795
30,2005,41,29,705069,17196.80487804878,41,16,691351,16862.219512195123,82,45,0.5487804878048781,1396420,17029.51219512195
30,2006,41,27,705062,17196.634146341465,41,15,708959,17291.682926829268,82,42,0.5121951219512195,1414021,17244.158536585364
30,2007,41,26,753283,18372.756097560974,41,15,708090,17270.48780487805,82,41,0.5,1461373,17821.621951219513
30,2008,41,25,736461,17962.463414634145,41,18,687749,16774.365853658535,82,43,0.524390243902439,1424210,17368.414634146342
30,2009,41,13,681119,16612.658536585364,41,6,703440,17157.073170731706,82,19,0.23170731707317074,1384559,16884.865853658535
30,2010,41,15,664398,16204.829268292682,41,11,676001,16487.829268292684,82,26,0.3170731707317073,1340399,16346.329268292682
30,2011,41,20,688466,16791.853658536584,41,3,704905,17192.80487804878,82,23,0.2804878048780488,1393371,16992.329268292684
30,2012,33,11,552038,16728.424242424244,33,9,539928,16361.454545454546,66,20,0.30303030303030304,1091966,16544.939393939392
30,2013,41,22,670070,16343.170731707318,41,7,663949,16193.878048780487,82,29,0.35365853658536583,1334019,16268.524390243903
30,2014,41,22,698068,17026.048780487807,41,22,704878,17192.146341463416,82,44,0.5365853658536586,1402946,17109.09756097561
30,2015,41,29,747796,18238.926829268294,41,17,748386,18253.317073170732,82,46,0.5609756097560976,1496182,18246.121951219513
30,2016,41,22,725426,17693.317073170732,41,19,729274,17787.170731707316,82,41,0.5,1454700,17740.243902439026
30,2017,41,30,697107,17002.60975609756,41,19,735927,17949.439024390245,82,49,0.5975609756097561,1433034,17476.024390243903
30,2018,41,23,739302,18031.756097560974,41,20,724971,17682.219512195123,82,43,0.524390243902439,1464273,17856.98780487805
30,2019,41,22,716996,17487.70731707317,41,10,717896,17509.658536585364,82,32,0.3902439024390244,1434892,17498.682926829268
30,2020,36,16,532702,16646.9375,36,9,562813,17587.90625,72,25,0.3472222222222222,1095515,15215.486111111111
30,2021,36,19,21331,3047.285714285714,36,15,48219,2836.4117647058824,72,34,0.4722222222222222,69550,965.9722222222222
30,2022,41,21,637215,15541.829268292682,41,14,696732,16993.463414634145,82,35,0.4268292682926829,1333947,16267.646341463415
30,2023,41,19,710481,17328.80487804878,41,16,727901,17753.682926829268,82,35,0.4268292682926829,1438382,17541.243902439026
30,2024,39,7,658363,16881.102564102563,39,8,708266,18160.666666666668,78,15,0.19230769230769232,1366629,17520.884615384617
